label,id
horse,0
frog,1
automobile,2
frog,3
horse,4
airplane,5
frog,6
automobile,7
truck,8
bird,9
horse,10
cat,11
ship,12
airplane,13
frog,14
frog,15
horse,16
airplane,17
frog,18
bird,19
ship,20
airplane,21
deer,22
horse,23
dog,24
airplane,25
truck,26
airplane,27
frog,28
cat,29
truck,30
horse,31
truck,32
deer,33
automobile,34
dog,35
truck,36
frog,37
ship,38
truck,39
automobile,40
frog,41
deer,42
dog,43
dog,44
truck,45
horse,46
automobile,47
horse,48
airplane,49
deer,50
ship,51
ship,52
frog,53
airplane,54
deer,55
truck,56
truck,57
frog,58
frog,59
truck,60
frog,61
bird,62
airplane,63
horse,64
cat,65
deer,66
cat,67
truck,68
truck,69
airplane,70
frog,71
cat,72
deer,73
horse,74
frog,75
cat,76
horse,77
truck,78
airplane,79
dog,80
horse,81
airplane,82
truck,83
bird,84
dog,85
cat,86
deer,87
automobile,88
truck,89
frog,90
automobile,91
cat,92
ship,93
horse,94
dog,95
dog,96
truck,97
ship,98
horse,99
deer,100
ship,101
cat,102
truck,103
ship,104
frog,105
deer,106
cat,107
dog,108
dog,109
truck,110
deer,111
airplane,112
automobile,113
horse,114
ship,115
truck,116
truck,117
horse,118
truck,119
airplane,120
deer,121
automobile,122
airplane,123
airplane,124
automobile,125
ship,126
ship,127
dog,128
airplane,129
bird,130
deer,131
airplane,132
horse,133
frog,134
truck,135
deer,136
deer,137
dog,138
horse,139
dog,140
horse,141
airplane,142
frog,143
automobile,144
ship,145
dog,146
cat,147
cat,148
truck,149
deer,150
deer,151
frog,152
automobile,153
cat,154
truck,155
ship,156
horse,157
airplane,158
frog,159
cat,160
ship,161
dog,162
dog,163
airplane,164
dog,165
truck,166
airplane,167
deer,168
dog,169
deer,170
ship,171
truck,172
deer,173
frog,174
frog,175
deer,176
horse,177
deer,178
airplane,179
truck,180
frog,181
deer,182
automobile,183
truck,184
deer,185
dog,186
truck,187
horse,188
horse,189
truck,190
horse,191
deer,192
cat,193
horse,194
truck,195
deer,196
ship,197
airplane,198
truck,199
truck,200
dog,201
cat,202
cat,203
truck,204
frog,205
airplane,206
dog,207
deer,208
deer,209
horse,210
frog,211
automobile,212
truck,213
truck,214
frog,215
airplane,216
automobile,217
horse,218
truck,219
truck,220
ship,221
ship,222
automobile,223
ship,224
automobile,225
automobile,226
dog,227
deer,228
dog,229
frog,230
frog,231
frog,232
automobile,233
frog,234
deer,235
dog,236
ship,237
horse,238
airplane,239
bird,240
deer,241
dog,242
deer,243
truck,244
dog,245
airplane,246
truck,247
cat,248
automobile,249
truck,250
automobile,251
airplane,252
truck,253
dog,254
truck,255
horse,256
deer,257
frog,258
horse,259
dog,260
bird,261
automobile,262
horse,263
bird,264
deer,265
automobile,266
automobile,267
horse,268
dog,269
horse,270
deer,271
bird,272
ship,273
frog,274
deer,275
horse,276
airplane,277
ship,278
frog,279
airplane,280
frog,281
dog,282
cat,283
deer,284
ship,285
deer,286
frog,287
dog,288
deer,289
cat,290
automobile,291
airplane,292
frog,293
dog,294
deer,295
frog,296
dog,297
deer,298
cat,299
truck,300
truck,301
truck,302
dog,303
frog,304
ship,305
deer,306
cat,307
dog,308
frog,309
dog,310
truck,311
dog,312
automobile,313
automobile,314
automobile,315
truck,316
frog,317
deer,318
cat,319
dog,320
horse,321
cat,322
dog,323
cat,324
deer,325
dog,326
truck,327
bird,328
ship,329
cat,330
automobile,331
automobile,332
airplane,333
dog,334
deer,335
horse,336
truck,337
horse,338
truck,339
airplane,340
truck,341
truck,342
cat,343
frog,344
airplane,345
automobile,346
truck,347
horse,348
automobile,349
dog,350
ship,351
truck,352
ship,353
dog,354
frog,355
automobile,356
airplane,357
bird,358
frog,359
deer,360
automobile,361
truck,362
deer,363
dog,364
deer,365
truck,366
automobile,367
ship,368
dog,369
automobile,370
frog,371
truck,372
dog,373
dog,374
cat,375
frog,376
dog,377
airplane,378
deer,379
truck,380
deer,381
deer,382
cat,383
airplane,384
frog,385
truck,386
automobile,387
cat,388
dog,389
cat,390
cat,391
deer,392
automobile,393
cat,394
horse,395
cat,396
truck,397
truck,398
automobile,399
automobile,400
frog,401
automobile,402
cat,403
dog,404
ship,405
airplane,406
horse,407
dog,408
ship,409
automobile,410
horse,411
deer,412
deer,413
horse,414
cat,415
automobile,416
dog,417
horse,418
truck,419
automobile,420
dog,421
dog,422
bird,423
frog,424
truck,425
cat,426
deer,427
deer,428
deer,429
dog,430
ship,431
ship,432
cat,433
ship,434
airplane,435
ship,436
horse,437
airplane,438
dog,439
dog,440
airplane,441
truck,442
automobile,443
deer,444
automobile,445
deer,446
airplane,447
automobile,448
automobile,449
cat,450
airplane,451
cat,452
frog,453
truck,454
dog,455
automobile,456
deer,457
truck,458
deer,459
dog,460
horse,461
ship,462
cat,463
cat,464
horse,465
cat,466
frog,467
deer,468
ship,469
airplane,470
automobile,471
cat,472
frog,473
deer,474
ship,475
truck,476
ship,477
frog,478
frog,479
deer,480
truck,481
airplane,482
airplane,483
dog,484
airplane,485
ship,486
ship,487
cat,488
automobile,489
ship,490
airplane,491
horse,492
horse,493
ship,494
dog,495
ship,496
airplane,497
deer,498
frog,499
cat,500
deer,501
airplane,502
deer,503
deer,504
deer,505
ship,506
dog,507
deer,508
deer,509
frog,510
airplane,511
automobile,512
deer,513
frog,514
automobile,515
ship,516
automobile,517
ship,518
cat,519
dog,520
deer,521
cat,522
ship,523
frog,524
dog,525
cat,526
horse,527
frog,528
truck,529
frog,530
airplane,531
ship,532
deer,533
deer,534
truck,535
airplane,536
ship,537
cat,538
horse,539
cat,540
ship,541
airplane,542
horse,543
ship,544
airplane,545
cat,546
cat,547
bird,548
cat,549
dog,550
airplane,551
cat,552
dog,553
frog,554
truck,555
automobile,556
automobile,557
automobile,558
truck,559
deer,560
deer,561
deer,562
ship,563
truck,564
airplane,565
automobile,566
truck,567
truck,568
airplane,569
horse,570
airplane,571
frog,572
ship,573
truck,574
ship,575
deer,576
deer,577
bird,578
dog,579
truck,580
automobile,581
airplane,582
cat,583
airplane,584
truck,585
cat,586
cat,587
deer,588
deer,589
dog,590
cat,591
deer,592
ship,593
deer,594
horse,595
frog,596
airplane,597
dog,598
truck,599
truck,600
dog,601
frog,602
ship,603
frog,604
airplane,605
ship,606
ship,607
frog,608
dog,609
dog,610
airplane,611
automobile,612
deer,613
truck,614
cat,615
truck,616
truck,617
airplane,618
horse,619
horse,620
truck,621
cat,622
frog,623
truck,624
frog,625
cat,626
dog,627
bird,628
cat,629
frog,630
deer,631
truck,632
deer,633
airplane,634
ship,635
frog,636
dog,637
deer,638
frog,639
truck,640
bird,641
airplane,642
frog,643
deer,644
cat,645
automobile,646
cat,647
truck,648
truck,649
horse,650
frog,651
airplane,652
ship,653
deer,654
truck,655
cat,656
cat,657
truck,658
deer,659
airplane,660
airplane,661
horse,662
frog,663
deer,664
frog,665
automobile,666
deer,667
ship,668
truck,669
deer,670
horse,671
frog,672
airplane,673
bird,674
dog,675
dog,676
deer,677
truck,678
cat,679
frog,680
automobile,681
ship,682
frog,683
airplane,684
airplane,685
ship,686
horse,687
ship,688
deer,689
ship,690
ship,691
dog,692
dog,693
frog,694
truck,695
ship,696
ship,697
ship,698
frog,699
dog,700
ship,701
automobile,702
deer,703
airplane,704
airplane,705
horse,706
dog,707
frog,708
truck,709
airplane,710
truck,711
airplane,712
truck,713
horse,714
horse,715
deer,716
truck,717
deer,718
horse,719
truck,720
truck,721
deer,722
deer,723
truck,724
dog,725
automobile,726
cat,727
cat,728
truck,729
deer,730
horse,731
cat,732
automobile,733
cat,734
deer,735
dog,736
horse,737
truck,738
deer,739
truck,740
bird,741
horse,742
ship,743
ship,744
airplane,745
cat,746
ship,747
automobile,748
horse,749
airplane,750
truck,751
ship,752
dog,753
frog,754
frog,755
truck,756
automobile,757
airplane,758
frog,759
frog,760
cat,761
dog,762
truck,763
deer,764
truck,765
truck,766
ship,767
ship,768
ship,769
truck,770
automobile,771
truck,772
dog,773
cat,774
truck,775
cat,776
truck,777
truck,778
frog,779
ship,780
automobile,781
horse,782
bird,783
deer,784
airplane,785
automobile,786
truck,787
automobile,788
cat,789
frog,790
deer,791
ship,792
horse,793
deer,794
frog,795
airplane,796
deer,797
truck,798
frog,799
automobile,800
horse,801
horse,802
dog,803
cat,804
deer,805
truck,806
frog,807
airplane,808
horse,809
frog,810
cat,811
airplane,812
cat,813
automobile,814
truck,815
truck,816
frog,817
cat,818
automobile,819
airplane,820
ship,821
airplane,822
truck,823
airplane,824
airplane,825
truck,826
truck,827
cat,828
ship,829
dog,830
deer,831
horse,832
automobile,833
horse,834
bird,835
deer,836
ship,837
truck,838
airplane,839
horse,840
truck,841
ship,842
automobile,843
ship,844
cat,845
deer,846
frog,847
cat,848
cat,849
bird,850
ship,851
cat,852
deer,853
bird,854
automobile,855
bird,856
ship,857
dog,858
deer,859
truck,860
deer,861
truck,862
truck,863
deer,864
truck,865
cat,866
truck,867
deer,868
dog,869
horse,870
truck,871
horse,872
dog,873
dog,874
automobile,875
ship,876
truck,877
dog,878
deer,879
deer,880
frog,881
horse,882
horse,883
truck,884
deer,885
automobile,886
deer,887
deer,888
automobile,889
ship,890
frog,891
deer,892
deer,893
airplane,894
frog,895
frog,896
cat,897
horse,898
bird,899
truck,900
cat,901
cat,902
horse,903
deer,904
dog,905
deer,906
frog,907
horse,908
horse,909
dog,910
horse,911
dog,912
automobile,913
frog,914
ship,915
ship,916
deer,917
horse,918
cat,919
automobile,920
automobile,921
truck,922
airplane,923
airplane,924
ship,925
cat,926
dog,927
truck,928
truck,929
horse,930
dog,931
cat,932
deer,933
airplane,934
ship,935
automobile,936
cat,937
dog,938
airplane,939
deer,940
deer,941
frog,942
horse,943
truck,944
truck,945
frog,946
deer,947
deer,948
truck,949
horse,950
airplane,951
cat,952
deer,953
dog,954
automobile,955
ship,956
cat,957
horse,958
truck,959
truck,960
airplane,961
deer,962
truck,963
truck,964
horse,965
frog,966
airplane,967
deer,968
bird,969
automobile,970
airplane,971
airplane,972
dog,973
cat,974
truck,975
cat,976
truck,977
automobile,978
ship,979
cat,980
airplane,981
cat,982
truck,983
deer,984
deer,985
ship,986
deer,987
ship,988
cat,989
airplane,990
automobile,991
deer,992
ship,993
automobile,994
horse,995
bird,996
dog,997
ship,998
ship,999
dog,1000
horse,1001
automobile,1002
truck,1003
airplane,1004
deer,1005
cat,1006
automobile,1007
frog,1008
truck,1009
airplane,1010
automobile,1011
airplane,1012
deer,1013
airplane,1014
dog,1015
frog,1016
frog,1017
airplane,1018
frog,1019
dog,1020
dog,1021
dog,1022
automobile,1023
ship,1024
airplane,1025
frog,1026
airplane,1027
dog,1028
deer,1029
automobile,1030
ship,1031
dog,1032
automobile,1033
frog,1034
cat,1035
horse,1036
deer,1037
frog,1038
deer,1039
airplane,1040
bird,1041
airplane,1042
airplane,1043
frog,1044
dog,1045
horse,1046
cat,1047
cat,1048
deer,1049
truck,1050
ship,1051
deer,1052
horse,1053
deer,1054
frog,1055
truck,1056
truck,1057
truck,1058
deer,1059
deer,1060
automobile,1061
horse,1062
truck,1063
automobile,1064
deer,1065
cat,1066
automobile,1067
deer,1068
dog,1069
bird,1070
dog,1071
truck,1072
airplane,1073
truck,1074
horse,1075
dog,1076
deer,1077
deer,1078
truck,1079
cat,1080
ship,1081
frog,1082
dog,1083
frog,1084
automobile,1085
airplane,1086
cat,1087
truck,1088
horse,1089
frog,1090
dog,1091
airplane,1092
deer,1093
airplane,1094
deer,1095
ship,1096
truck,1097
ship,1098
horse,1099
truck,1100
deer,1101
airplane,1102
deer,1103
airplane,1104
automobile,1105
dog,1106
automobile,1107
horse,1108
cat,1109
deer,1110
automobile,1111
frog,1112
deer,1113
truck,1114
ship,1115
truck,1116
automobile,1117
automobile,1118
deer,1119
truck,1120
truck,1121
truck,1122
cat,1123
horse,1124
dog,1125
dog,1126
dog,1127
cat,1128
horse,1129
cat,1130
frog,1131
dog,1132
ship,1133
dog,1134
automobile,1135
ship,1136
truck,1137
ship,1138
airplane,1139
ship,1140
deer,1141
truck,1142
automobile,1143
deer,1144
dog,1145
ship,1146
cat,1147
ship,1148
truck,1149
ship,1150
horse,1151
dog,1152
airplane,1153
truck,1154
dog,1155
truck,1156
airplane,1157
dog,1158
automobile,1159
cat,1160
airplane,1161
cat,1162
cat,1163
frog,1164
horse,1165
frog,1166
ship,1167
cat,1168
cat,1169
ship,1170
horse,1171
cat,1172
deer,1173
deer,1174
deer,1175
truck,1176
deer,1177
airplane,1178
frog,1179
deer,1180
truck,1181
airplane,1182
dog,1183
truck,1184
deer,1185
dog,1186
deer,1187
cat,1188
airplane,1189
cat,1190
horse,1191
deer,1192
deer,1193
frog,1194
truck,1195
airplane,1196
automobile,1197
automobile,1198
ship,1199
cat,1200
dog,1201
deer,1202
dog,1203
cat,1204
horse,1205
ship,1206
frog,1207
truck,1208
truck,1209
truck,1210
automobile,1211
cat,1212
airplane,1213
dog,1214
dog,1215
truck,1216
frog,1217
truck,1218
dog,1219
cat,1220
ship,1221
ship,1222
truck,1223
dog,1224
dog,1225
horse,1226
truck,1227
airplane,1228
automobile,1229
truck,1230
ship,1231
ship,1232
cat,1233
automobile,1234
automobile,1235
ship,1236
truck,1237
dog,1238
ship,1239
truck,1240
ship,1241
cat,1242
frog,1243
airplane,1244
truck,1245
automobile,1246
horse,1247
deer,1248
automobile,1249
deer,1250
deer,1251
automobile,1252
automobile,1253
deer,1254
bird,1255
truck,1256
truck,1257
horse,1258
ship,1259
deer,1260
ship,1261
automobile,1262
dog,1263
deer,1264
automobile,1265
dog,1266
deer,1267
dog,1268
dog,1269
airplane,1270
deer,1271
deer,1272
airplane,1273
deer,1274
deer,1275
bird,1276
deer,1277
truck,1278
truck,1279
deer,1280
frog,1281
truck,1282
deer,1283
horse,1284
truck,1285
deer,1286
automobile,1287
frog,1288
horse,1289
deer,1290
truck,1291
dog,1292
frog,1293
truck,1294
airplane,1295
ship,1296
dog,1297
ship,1298
cat,1299
automobile,1300
dog,1301
cat,1302
truck,1303
ship,1304
deer,1305
dog,1306
truck,1307
truck,1308
cat,1309
truck,1310
automobile,1311
ship,1312
ship,1313
deer,1314
ship,1315
cat,1316
dog,1317
deer,1318
horse,1319
airplane,1320
truck,1321
dog,1322
deer,1323
horse,1324
truck,1325
automobile,1326
frog,1327
airplane,1328
dog,1329
airplane,1330
cat,1331
cat,1332
dog,1333
deer,1334
dog,1335
bird,1336
dog,1337
airplane,1338
automobile,1339
horse,1340
truck,1341
deer,1342
ship,1343
ship,1344
horse,1345
frog,1346
dog,1347
bird,1348
dog,1349
ship,1350
automobile,1351
ship,1352
airplane,1353
airplane,1354
cat,1355
cat,1356
deer,1357
horse,1358
airplane,1359
cat,1360
frog,1361
deer,1362
deer,1363
cat,1364
truck,1365
airplane,1366
deer,1367
deer,1368
deer,1369
truck,1370
deer,1371
deer,1372
horse,1373
dog,1374
cat,1375
deer,1376
truck,1377
automobile,1378
deer,1379
deer,1380
frog,1381
horse,1382
ship,1383
automobile,1384
deer,1385
airplane,1386
frog,1387
truck,1388
frog,1389
cat,1390
truck,1391
cat,1392
ship,1393
deer,1394
ship,1395
truck,1396
deer,1397
automobile,1398
deer,1399
cat,1400
deer,1401
airplane,1402
deer,1403
cat,1404
truck,1405
horse,1406
automobile,1407
airplane,1408
automobile,1409
deer,1410
ship,1411
deer,1412
truck,1413
deer,1414
airplane,1415
deer,1416
deer,1417
ship,1418
horse,1419
frog,1420
truck,1421
cat,1422
cat,1423
automobile,1424
truck,1425
horse,1426
dog,1427
horse,1428
cat,1429
dog,1430
truck,1431
ship,1432
truck,1433
frog,1434
automobile,1435
automobile,1436
airplane,1437
cat,1438
deer,1439
deer,1440
horse,1441
horse,1442
deer,1443
airplane,1444
deer,1445
deer,1446
truck,1447
dog,1448
horse,1449
frog,1450
truck,1451
dog,1452
deer,1453
dog,1454
truck,1455
horse,1456
frog,1457
airplane,1458
automobile,1459
frog,1460
deer,1461
bird,1462
automobile,1463
horse,1464
dog,1465
airplane,1466
ship,1467
truck,1468
horse,1469
horse,1470
truck,1471
automobile,1472
deer,1473
ship,1474
airplane,1475
airplane,1476
truck,1477
truck,1478
truck,1479
airplane,1480
cat,1481
frog,1482
truck,1483
deer,1484
dog,1485
frog,1486
truck,1487
cat,1488
truck,1489
cat,1490
ship,1491
automobile,1492
ship,1493
truck,1494
truck,1495
deer,1496
frog,1497
cat,1498
frog,1499
truck,1500
ship,1501
dog,1502
ship,1503
cat,1504
dog,1505
bird,1506
deer,1507
ship,1508
horse,1509
dog,1510
dog,1511
truck,1512
dog,1513
automobile,1514
frog,1515
horse,1516
truck,1517
truck,1518
truck,1519
truck,1520
truck,1521
deer,1522
cat,1523
truck,1524
dog,1525
deer,1526
horse,1527
ship,1528
deer,1529
airplane,1530
ship,1531
automobile,1532
truck,1533
dog,1534
truck,1535
cat,1536
airplane,1537
dog,1538
deer,1539
deer,1540
deer,1541
cat,1542
deer,1543
ship,1544
deer,1545
airplane,1546
automobile,1547
dog,1548
ship,1549
airplane,1550
horse,1551
airplane,1552
frog,1553
truck,1554
airplane,1555
deer,1556
dog,1557
deer,1558
ship,1559
truck,1560
airplane,1561
frog,1562
horse,1563
automobile,1564
dog,1565
horse,1566
cat,1567
ship,1568
dog,1569
cat,1570
dog,1571
automobile,1572
deer,1573
ship,1574
deer,1575
cat,1576
cat,1577
airplane,1578
truck,1579
truck,1580
horse,1581
ship,1582
dog,1583
automobile,1584
dog,1585
deer,1586
automobile,1587
truck,1588
airplane,1589
airplane,1590
airplane,1591
airplane,1592
horse,1593
deer,1594
airplane,1595
deer,1596
automobile,1597
horse,1598
truck,1599
deer,1600
airplane,1601
dog,1602
dog,1603
deer,1604
deer,1605
frog,1606
airplane,1607
ship,1608
airplane,1609
cat,1610
ship,1611
deer,1612
deer,1613
deer,1614
frog,1615
dog,1616
automobile,1617
horse,1618
cat,1619
airplane,1620
automobile,1621
truck,1622
deer,1623
truck,1624
cat,1625
automobile,1626
bird,1627
cat,1628
frog,1629
truck,1630
horse,1631
dog,1632
airplane,1633
automobile,1634
truck,1635
truck,1636
cat,1637
deer,1638
truck,1639
horse,1640
horse,1641
ship,1642
dog,1643
airplane,1644
cat,1645
deer,1646
dog,1647
cat,1648
deer,1649
deer,1650
frog,1651
cat,1652
truck,1653
frog,1654
deer,1655
truck,1656
horse,1657
dog,1658
airplane,1659
cat,1660
horse,1661
truck,1662
truck,1663
deer,1664
deer,1665
ship,1666
airplane,1667
cat,1668
deer,1669
deer,1670
truck,1671
truck,1672
deer,1673
automobile,1674
cat,1675
ship,1676
automobile,1677
dog,1678
bird,1679
truck,1680
dog,1681
truck,1682
truck,1683
frog,1684
deer,1685
truck,1686
horse,1687
cat,1688
cat,1689
cat,1690
automobile,1691
ship,1692
truck,1693
dog,1694
truck,1695
bird,1696
dog,1697
truck,1698
airplane,1699
horse,1700
deer,1701
automobile,1702
bird,1703
ship,1704
automobile,1705
deer,1706
dog,1707
automobile,1708
horse,1709
airplane,1710
frog,1711
frog,1712
frog,1713
truck,1714
dog,1715
automobile,1716
ship,1717
frog,1718
deer,1719
frog,1720
frog,1721
deer,1722
ship,1723
dog,1724
airplane,1725
cat,1726
deer,1727
cat,1728
cat,1729
dog,1730
cat,1731
airplane,1732
cat,1733
horse,1734
horse,1735
airplane,1736
airplane,1737
truck,1738
dog,1739
automobile,1740
airplane,1741
frog,1742
frog,1743
airplane,1744
deer,1745
truck,1746
dog,1747
deer,1748
truck,1749
deer,1750
truck,1751
horse,1752
horse,1753
truck,1754
frog,1755
deer,1756
airplane,1757
cat,1758
airplane,1759
horse,1760
truck,1761
frog,1762
airplane,1763
dog,1764
frog,1765
truck,1766
automobile,1767
deer,1768
deer,1769
frog,1770
truck,1771
horse,1772
cat,1773
deer,1774
ship,1775
automobile,1776
horse,1777
truck,1778
deer,1779
automobile,1780
deer,1781
bird,1782
frog,1783
cat,1784
horse,1785
cat,1786
truck,1787
deer,1788
ship,1789
deer,1790
airplane,1791
truck,1792
deer,1793
automobile,1794
cat,1795
truck,1796
ship,1797
airplane,1798
airplane,1799
automobile,1800
truck,1801
truck,1802
dog,1803
dog,1804
deer,1805
ship,1806
deer,1807
dog,1808
deer,1809
frog,1810
airplane,1811
ship,1812
dog,1813
deer,1814
deer,1815
frog,1816
ship,1817
frog,1818
airplane,1819
truck,1820
truck,1821
horse,1822
cat,1823
automobile,1824
deer,1825
truck,1826
automobile,1827
horse,1828
deer,1829
dog,1830
deer,1831
dog,1832
truck,1833
airplane,1834
frog,1835
deer,1836
ship,1837
ship,1838
deer,1839
ship,1840
automobile,1841
airplane,1842
automobile,1843
ship,1844
truck,1845
automobile,1846
truck,1847
dog,1848
bird,1849
truck,1850
truck,1851
airplane,1852
cat,1853
ship,1854
cat,1855
frog,1856
airplane,1857
automobile,1858
deer,1859
dog,1860
ship,1861
cat,1862
cat,1863
airplane,1864
airplane,1865
deer,1866
deer,1867
ship,1868
automobile,1869
cat,1870
deer,1871
automobile,1872
cat,1873
airplane,1874
truck,1875
automobile,1876
horse,1877
truck,1878
airplane,1879
truck,1880
airplane,1881
truck,1882
horse,1883
ship,1884
deer,1885
cat,1886
truck,1887
ship,1888
frog,1889
cat,1890
truck,1891
automobile,1892
ship,1893
cat,1894
automobile,1895
automobile,1896
ship,1897
truck,1898
truck,1899
ship,1900
airplane,1901
truck,1902
ship,1903
airplane,1904
deer,1905
ship,1906
cat,1907
automobile,1908
deer,1909
automobile,1910
horse,1911
dog,1912
cat,1913
deer,1914
truck,1915
cat,1916
truck,1917
dog,1918
dog,1919
ship,1920
cat,1921
deer,1922
horse,1923
horse,1924
deer,1925
truck,1926
dog,1927
truck,1928
frog,1929
dog,1930
dog,1931
dog,1932
deer,1933
ship,1934
dog,1935
airplane,1936
automobile,1937
dog,1938
frog,1939
ship,1940
truck,1941
ship,1942
truck,1943
horse,1944
frog,1945
automobile,1946
dog,1947
automobile,1948
frog,1949
horse,1950
airplane,1951
truck,1952
frog,1953
cat,1954
ship,1955
horse,1956
truck,1957
frog,1958
automobile,1959
automobile,1960
automobile,1961
truck,1962
truck,1963
airplane,1964
truck,1965
horse,1966
cat,1967
cat,1968
ship,1969
airplane,1970
automobile,1971
dog,1972
automobile,1973
deer,1974
ship,1975
deer,1976
dog,1977
frog,1978
automobile,1979
truck,1980
frog,1981
ship,1982
horse,1983
ship,1984
horse,1985
truck,1986
automobile,1987
dog,1988
cat,1989
airplane,1990
frog,1991
ship,1992
dog,1993
automobile,1994
horse,1995
horse,1996
frog,1997
dog,1998
frog,1999
automobile,2000
bird,2001
airplane,2002
deer,2003
deer,2004
ship,2005
deer,2006
cat,2007
cat,2008
ship,2009
ship,2010
truck,2011
dog,2012
frog,2013
frog,2014
deer,2015
dog,2016
dog,2017
ship,2018
bird,2019
truck,2020
frog,2021
ship,2022
horse,2023
truck,2024
deer,2025
cat,2026
ship,2027
dog,2028
horse,2029
truck,2030
bird,2031
ship,2032
horse,2033
cat,2034
ship,2035
frog,2036
cat,2037
ship,2038
deer,2039
deer,2040
airplane,2041
truck,2042
dog,2043
truck,2044
automobile,2045
truck,2046
bird,2047
truck,2048
truck,2049
ship,2050
ship,2051
truck,2052
deer,2053
frog,2054
frog,2055
automobile,2056
deer,2057
deer,2058
frog,2059
airplane,2060
ship,2061
ship,2062
deer,2063
horse,2064
frog,2065
horse,2066
deer,2067
truck,2068
truck,2069
airplane,2070
airplane,2071
horse,2072
truck,2073
airplane,2074
dog,2075
deer,2076
cat,2077
deer,2078
frog,2079
deer,2080
ship,2081
cat,2082
automobile,2083
airplane,2084
truck,2085
automobile,2086
airplane,2087
dog,2088
ship,2089
truck,2090
deer,2091
dog,2092
horse,2093
truck,2094
dog,2095
bird,2096
ship,2097
bird,2098
frog,2099
truck,2100
ship,2101
horse,2102
airplane,2103
dog,2104
automobile,2105
ship,2106
dog,2107
airplane,2108
cat,2109
truck,2110
automobile,2111
automobile,2112
truck,2113
truck,2114
deer,2115
cat,2116
truck,2117
dog,2118
ship,2119
ship,2120
dog,2121
dog,2122
deer,2123
automobile,2124
horse,2125
dog,2126
deer,2127
dog,2128
automobile,2129
airplane,2130
automobile,2131
deer,2132
cat,2133
horse,2134
dog,2135
cat,2136
deer,2137
deer,2138
truck,2139
horse,2140
horse,2141
truck,2142
ship,2143
frog,2144
deer,2145
dog,2146
truck,2147
airplane,2148
cat,2149
horse,2150
cat,2151
deer,2152
dog,2153
frog,2154
truck,2155
deer,2156
automobile,2157
bird,2158
horse,2159
dog,2160
airplane,2161
airplane,2162
ship,2163
horse,2164
truck,2165
deer,2166
horse,2167
dog,2168
cat,2169
deer,2170
cat,2171
deer,2172
frog,2173
airplane,2174
cat,2175
deer,2176
horse,2177
cat,2178
truck,2179
ship,2180
cat,2181
frog,2182
deer,2183
dog,2184
frog,2185
airplane,2186
truck,2187
automobile,2188
automobile,2189
deer,2190
dog,2191
ship,2192
deer,2193
truck,2194
bird,2195
frog,2196
deer,2197
horse,2198
ship,2199
automobile,2200
cat,2201
automobile,2202
airplane,2203
deer,2204
deer,2205
deer,2206
automobile,2207
ship,2208
ship,2209
dog,2210
dog,2211
automobile,2212
ship,2213
truck,2214
dog,2215
automobile,2216
truck,2217
dog,2218
horse,2219
horse,2220
dog,2221
deer,2222
horse,2223
cat,2224
automobile,2225
truck,2226
airplane,2227
cat,2228
cat,2229
cat,2230
cat,2231
frog,2232
deer,2233
deer,2234
deer,2235
deer,2236
cat,2237
dog,2238
dog,2239
airplane,2240
cat,2241
deer,2242
dog,2243
automobile,2244
automobile,2245
airplane,2246
dog,2247
deer,2248
automobile,2249
deer,2250
deer,2251
dog,2252
ship,2253
cat,2254
dog,2255
cat,2256
truck,2257
cat,2258
truck,2259
truck,2260
ship,2261
cat,2262
airplane,2263
horse,2264
truck,2265
dog,2266
deer,2267
deer,2268
cat,2269
truck,2270
frog,2271
ship,2272
cat,2273
automobile,2274
truck,2275
deer,2276
frog,2277
truck,2278
airplane,2279
dog,2280
cat,2281
frog,2282
truck,2283
automobile,2284
airplane,2285
truck,2286
dog,2287
automobile,2288
cat,2289
deer,2290
automobile,2291
automobile,2292
truck,2293
dog,2294
dog,2295
ship,2296
frog,2297
dog,2298
cat,2299
airplane,2300
bird,2301
truck,2302
airplane,2303
ship,2304
deer,2305
horse,2306
airplane,2307
truck,2308
truck,2309
dog,2310
automobile,2311
truck,2312
airplane,2313
horse,2314
ship,2315
dog,2316
cat,2317
deer,2318
frog,2319
truck,2320
deer,2321
frog,2322
automobile,2323
dog,2324
bird,2325
deer,2326
deer,2327
truck,2328
ship,2329
deer,2330
airplane,2331
cat,2332
truck,2333
automobile,2334
ship,2335
truck,2336
airplane,2337
bird,2338
automobile,2339
cat,2340
truck,2341
ship,2342
truck,2343
ship,2344
airplane,2345
cat,2346
truck,2347
automobile,2348
deer,2349
cat,2350
airplane,2351
cat,2352
automobile,2353
dog,2354
deer,2355
deer,2356
airplane,2357
cat,2358
ship,2359
truck,2360
automobile,2361
truck,2362
dog,2363
ship,2364
truck,2365
ship,2366
horse,2367
dog,2368
truck,2369
ship,2370
frog,2371
cat,2372
airplane,2373
truck,2374
dog,2375
airplane,2376
automobile,2377
automobile,2378
horse,2379
frog,2380
truck,2381
cat,2382
frog,2383
dog,2384
cat,2385
airplane,2386
dog,2387
airplane,2388
airplane,2389
airplane,2390
cat,2391
ship,2392
truck,2393
truck,2394
truck,2395
dog,2396
ship,2397
horse,2398
dog,2399
truck,2400
deer,2401
frog,2402
frog,2403
frog,2404
cat,2405
deer,2406
airplane,2407
automobile,2408
automobile,2409
frog,2410
ship,2411
truck,2412
deer,2413
frog,2414
truck,2415
frog,2416
truck,2417
airplane,2418
automobile,2419
deer,2420
truck,2421
truck,2422
automobile,2423
airplane,2424
airplane,2425
cat,2426
ship,2427
dog,2428
frog,2429
truck,2430
cat,2431
ship,2432
deer,2433
truck,2434
cat,2435
deer,2436
deer,2437
automobile,2438
horse,2439
frog,2440
deer,2441
truck,2442
airplane,2443
horse,2444
horse,2445
cat,2446
ship,2447
dog,2448
dog,2449
cat,2450
frog,2451
horse,2452
frog,2453
bird,2454
dog,2455
deer,2456
deer,2457
airplane,2458
truck,2459
deer,2460
truck,2461
ship,2462
cat,2463
frog,2464
deer,2465
horse,2466
dog,2467
horse,2468
dog,2469
airplane,2470
bird,2471
horse,2472
deer,2473
ship,2474
airplane,2475
truck,2476
airplane,2477
dog,2478
truck,2479
cat,2480
deer,2481
truck,2482
bird,2483
cat,2484
truck,2485
frog,2486
horse,2487
deer,2488
truck,2489
cat,2490
airplane,2491
deer,2492
cat,2493
airplane,2494
frog,2495
dog,2496
truck,2497
airplane,2498
truck,2499
deer,2500
truck,2501
ship,2502
truck,2503
frog,2504
airplane,2505
ship,2506
ship,2507
cat,2508
dog,2509
horse,2510
dog,2511
ship,2512
airplane,2513
truck,2514
dog,2515
cat,2516
truck,2517
horse,2518
dog,2519
airplane,2520
deer,2521
truck,2522
ship,2523
automobile,2524
dog,2525
ship,2526
deer,2527
ship,2528
truck,2529
horse,2530
truck,2531
deer,2532
truck,2533
frog,2534
ship,2535
airplane,2536
ship,2537
deer,2538
horse,2539
automobile,2540
dog,2541
truck,2542
deer,2543
airplane,2544
bird,2545
airplane,2546
deer,2547
airplane,2548
automobile,2549
automobile,2550
truck,2551
airplane,2552
cat,2553
ship,2554
dog,2555
truck,2556
automobile,2557
airplane,2558
deer,2559
cat,2560
cat,2561
horse,2562
deer,2563
deer,2564
dog,2565
deer,2566
truck,2567
cat,2568
deer,2569
truck,2570
airplane,2571
automobile,2572
dog,2573
frog,2574
frog,2575
ship,2576
airplane,2577
automobile,2578
deer,2579
horse,2580
airplane,2581
frog,2582
automobile,2583
cat,2584
truck,2585
frog,2586
cat,2587
airplane,2588
dog,2589
airplane,2590
frog,2591
frog,2592
cat,2593
truck,2594
ship,2595
deer,2596
ship,2597
cat,2598
deer,2599
deer,2600
airplane,2601
truck,2602
truck,2603
cat,2604
truck,2605
deer,2606
horse,2607
truck,2608
cat,2609
airplane,2610
deer,2611
frog,2612
deer,2613
cat,2614
cat,2615
deer,2616
truck,2617
deer,2618
truck,2619
dog,2620
horse,2621
truck,2622
frog,2623
ship,2624
deer,2625
frog,2626
dog,2627
airplane,2628
deer,2629
automobile,2630
horse,2631
frog,2632
deer,2633
truck,2634
truck,2635
ship,2636
horse,2637
ship,2638
deer,2639
ship,2640
truck,2641
cat,2642
horse,2643
airplane,2644
horse,2645
airplane,2646
ship,2647
cat,2648
horse,2649
deer,2650
truck,2651
truck,2652
truck,2653
deer,2654
cat,2655
ship,2656
automobile,2657
bird,2658
airplane,2659
airplane,2660
automobile,2661
deer,2662
dog,2663
cat,2664
bird,2665
dog,2666
truck,2667
airplane,2668
deer,2669
deer,2670
deer,2671
automobile,2672
deer,2673
bird,2674
truck,2675
deer,2676
cat,2677
horse,2678
deer,2679
deer,2680
truck,2681
deer,2682
dog,2683
deer,2684
deer,2685
airplane,2686
airplane,2687
dog,2688
cat,2689
bird,2690
automobile,2691
horse,2692
horse,2693
deer,2694
horse,2695
airplane,2696
horse,2697
dog,2698
deer,2699
airplane,2700
bird,2701
deer,2702
airplane,2703
automobile,2704
ship,2705
deer,2706
truck,2707
cat,2708
horse,2709
truck,2710
cat,2711
truck,2712
automobile,2713
airplane,2714
horse,2715
airplane,2716
cat,2717
dog,2718
airplane,2719
deer,2720
deer,2721
truck,2722
airplane,2723
truck,2724
airplane,2725
horse,2726
dog,2727
cat,2728
frog,2729
truck,2730
horse,2731
ship,2732
airplane,2733
automobile,2734
ship,2735
frog,2736
ship,2737
airplane,2738
dog,2739
horse,2740
horse,2741
horse,2742
horse,2743
automobile,2744
deer,2745
truck,2746
truck,2747
airplane,2748
deer,2749
frog,2750
dog,2751
ship,2752
airplane,2753
cat,2754
deer,2755
airplane,2756
frog,2757
deer,2758
airplane,2759
truck,2760
cat,2761
cat,2762
ship,2763
deer,2764
horse,2765
cat,2766
airplane,2767
automobile,2768
horse,2769
airplane,2770
truck,2771
dog,2772
cat,2773
truck,2774
truck,2775
dog,2776
truck,2777
horse,2778
airplane,2779
dog,2780
ship,2781
ship,2782
deer,2783
truck,2784
deer,2785
ship,2786
truck,2787
dog,2788
ship,2789
frog,2790
truck,2791
deer,2792
cat,2793
frog,2794
deer,2795
airplane,2796
airplane,2797
airplane,2798
automobile,2799
automobile,2800
deer,2801
truck,2802
ship,2803
frog,2804
bird,2805
horse,2806
cat,2807
frog,2808
dog,2809
horse,2810
frog,2811
automobile,2812
deer,2813
deer,2814
deer,2815
frog,2816
dog,2817
truck,2818
dog,2819
dog,2820
frog,2821
deer,2822
dog,2823
truck,2824
cat,2825
automobile,2826
deer,2827
ship,2828
truck,2829
horse,2830
truck,2831
horse,2832
horse,2833
ship,2834
frog,2835
automobile,2836
ship,2837
airplane,2838
truck,2839
truck,2840
ship,2841
airplane,2842
airplane,2843
ship,2844
deer,2845
truck,2846
airplane,2847
cat,2848
ship,2849
cat,2850
automobile,2851
automobile,2852
dog,2853
horse,2854
truck,2855
truck,2856
ship,2857
truck,2858
dog,2859
truck,2860
dog,2861
automobile,2862
frog,2863
horse,2864
automobile,2865
horse,2866
ship,2867
airplane,2868
ship,2869
truck,2870
frog,2871
airplane,2872
automobile,2873
cat,2874
dog,2875
airplane,2876
bird,2877
airplane,2878
deer,2879
automobile,2880
frog,2881
cat,2882
horse,2883
frog,2884
automobile,2885
horse,2886
ship,2887
deer,2888
airplane,2889
airplane,2890
airplane,2891
frog,2892
truck,2893
truck,2894
truck,2895
airplane,2896
deer,2897
cat,2898
cat,2899
cat,2900
ship,2901
truck,2902
truck,2903
ship,2904
automobile,2905
deer,2906
dog,2907
truck,2908
dog,2909
truck,2910
deer,2911
frog,2912
cat,2913
automobile,2914
deer,2915
truck,2916
truck,2917
dog,2918
ship,2919
truck,2920
cat,2921
truck,2922
truck,2923
dog,2924
deer,2925
automobile,2926
dog,2927
truck,2928
airplane,2929
airplane,2930
truck,2931
frog,2932
automobile,2933
dog,2934
automobile,2935
automobile,2936
ship,2937
horse,2938
airplane,2939
automobile,2940
cat,2941
truck,2942
automobile,2943
truck,2944
cat,2945
truck,2946
deer,2947
deer,2948
truck,2949
airplane,2950
truck,2951
automobile,2952
truck,2953
dog,2954
frog,2955
deer,2956
cat,2957
horse,2958
cat,2959
truck,2960
airplane,2961
horse,2962
frog,2963
dog,2964
truck,2965
airplane,2966
deer,2967
automobile,2968
ship,2969
dog,2970
truck,2971
airplane,2972
deer,2973
truck,2974
deer,2975
airplane,2976
truck,2977
ship,2978
horse,2979
airplane,2980
automobile,2981
bird,2982
dog,2983
deer,2984
cat,2985
dog,2986
airplane,2987
truck,2988
frog,2989
dog,2990
airplane,2991
airplane,2992
frog,2993
frog,2994
frog,2995
airplane,2996
truck,2997
deer,2998
truck,2999
automobile,3000
bird,3001
cat,3002
truck,3003
frog,3004
ship,3005
deer,3006
deer,3007
truck,3008
truck,3009
frog,3010
ship,3011
truck,3012
automobile,3013
deer,3014
dog,3015
deer,3016
automobile,3017
truck,3018
automobile,3019
horse,3020
truck,3021
truck,3022
automobile,3023
horse,3024
truck,3025
deer,3026
cat,3027
frog,3028
dog,3029
ship,3030
ship,3031
dog,3032
automobile,3033
ship,3034
airplane,3035
dog,3036
deer,3037
horse,3038
cat,3039
truck,3040
deer,3041
deer,3042
airplane,3043
deer,3044
ship,3045
truck,3046
automobile,3047
horse,3048
cat,3049
truck,3050
airplane,3051
truck,3052
cat,3053
frog,3054
airplane,3055
dog,3056
automobile,3057
horse,3058
horse,3059
airplane,3060
frog,3061
dog,3062
ship,3063
airplane,3064
airplane,3065
automobile,3066
ship,3067
ship,3068
airplane,3069
cat,3070
frog,3071
dog,3072
horse,3073
frog,3074
truck,3075
dog,3076
deer,3077
deer,3078
truck,3079
frog,3080
frog,3081
frog,3082
horse,3083
ship,3084
dog,3085
dog,3086
ship,3087
horse,3088
automobile,3089
dog,3090
cat,3091
frog,3092
airplane,3093
bird,3094
cat,3095
dog,3096
truck,3097
airplane,3098
truck,3099
truck,3100
frog,3101
frog,3102
automobile,3103
deer,3104
ship,3105
ship,3106
cat,3107
deer,3108
truck,3109
automobile,3110
ship,3111
truck,3112
automobile,3113
airplane,3114
ship,3115
frog,3116
horse,3117
deer,3118
ship,3119
automobile,3120
frog,3121
cat,3122
cat,3123
frog,3124
truck,3125
truck,3126
airplane,3127
dog,3128
horse,3129
airplane,3130
automobile,3131
horse,3132
automobile,3133
airplane,3134
frog,3135
automobile,3136
ship,3137
truck,3138
automobile,3139
truck,3140
dog,3141
horse,3142
truck,3143
dog,3144
truck,3145
dog,3146
automobile,3147
frog,3148
horse,3149
dog,3150
dog,3151
deer,3152
ship,3153
horse,3154
ship,3155
frog,3156
automobile,3157
truck,3158
dog,3159
frog,3160
cat,3161
airplane,3162
automobile,3163
frog,3164
airplane,3165
horse,3166
truck,3167
dog,3168
ship,3169
airplane,3170
airplane,3171
dog,3172
cat,3173
dog,3174
truck,3175
dog,3176
horse,3177
deer,3178
airplane,3179
deer,3180
ship,3181
deer,3182
horse,3183
horse,3184
deer,3185
horse,3186
cat,3187
dog,3188
ship,3189
airplane,3190
deer,3191
truck,3192
ship,3193
ship,3194
ship,3195
dog,3196
deer,3197
ship,3198
deer,3199
horse,3200
cat,3201
airplane,3202
dog,3203
dog,3204
dog,3205
deer,3206
deer,3207
dog,3208
truck,3209
deer,3210
truck,3211
deer,3212
dog,3213
truck,3214
deer,3215
dog,3216
dog,3217
frog,3218
horse,3219
cat,3220
automobile,3221
deer,3222
frog,3223
truck,3224
deer,3225
automobile,3226
horse,3227
horse,3228
cat,3229
ship,3230
frog,3231
horse,3232
airplane,3233
airplane,3234
frog,3235
frog,3236
ship,3237
frog,3238
frog,3239
dog,3240
automobile,3241
truck,3242
truck,3243
horse,3244
truck,3245
truck,3246
horse,3247
truck,3248
airplane,3249
cat,3250
cat,3251
frog,3252
ship,3253
deer,3254
cat,3255
dog,3256
frog,3257
airplane,3258
cat,3259
truck,3260
horse,3261
automobile,3262
dog,3263
ship,3264
deer,3265
automobile,3266
airplane,3267
deer,3268
frog,3269
ship,3270
automobile,3271
truck,3272
dog,3273
deer,3274
frog,3275
frog,3276
horse,3277
dog,3278
truck,3279
deer,3280
cat,3281
frog,3282
airplane,3283
cat,3284
deer,3285
deer,3286
horse,3287
airplane,3288
dog,3289
ship,3290
dog,3291
ship,3292
truck,3293
truck,3294
ship,3295
ship,3296
truck,3297
deer,3298
bird,3299
deer,3300
horse,3301
automobile,3302
airplane,3303
ship,3304
airplane,3305
deer,3306
airplane,3307
horse,3308
deer,3309
cat,3310
airplane,3311
airplane,3312
horse,3313
automobile,3314
automobile,3315
deer,3316
ship,3317
deer,3318
airplane,3319
truck,3320
deer,3321
ship,3322
dog,3323
ship,3324
frog,3325
deer,3326
cat,3327
deer,3328
automobile,3329
horse,3330
dog,3331
automobile,3332
automobile,3333
frog,3334
automobile,3335
truck,3336
ship,3337
cat,3338
ship,3339
cat,3340
truck,3341
frog,3342
airplane,3343
ship,3344
dog,3345
truck,3346
cat,3347
horse,3348
truck,3349
truck,3350
airplane,3351
dog,3352
cat,3353
horse,3354
ship,3355
airplane,3356
truck,3357
horse,3358
deer,3359
truck,3360
dog,3361
cat,3362
bird,3363
ship,3364
truck,3365
frog,3366
dog,3367
automobile,3368
truck,3369
deer,3370
truck,3371
dog,3372
deer,3373
dog,3374
truck,3375
truck,3376
horse,3377
deer,3378
horse,3379
cat,3380
automobile,3381
deer,3382
ship,3383
ship,3384
horse,3385
ship,3386
frog,3387
airplane,3388
frog,3389
deer,3390
deer,3391
automobile,3392
dog,3393
dog,3394
deer,3395
bird,3396
deer,3397
frog,3398
automobile,3399
horse,3400
truck,3401
dog,3402
ship,3403
deer,3404
frog,3405
ship,3406
truck,3407
truck,3408
automobile,3409
airplane,3410
deer,3411
automobile,3412
deer,3413
deer,3414
horse,3415
truck,3416
cat,3417
cat,3418
truck,3419
horse,3420
deer,3421
horse,3422
truck,3423
ship,3424
frog,3425
cat,3426
truck,3427
dog,3428
automobile,3429
truck,3430
ship,3431
ship,3432
truck,3433
frog,3434
cat,3435
airplane,3436
airplane,3437
truck,3438
cat,3439
automobile,3440
frog,3441
ship,3442
deer,3443
cat,3444
automobile,3445
dog,3446
deer,3447
airplane,3448
cat,3449
horse,3450
deer,3451
deer,3452
horse,3453
deer,3454
airplane,3455
ship,3456
horse,3457
deer,3458
frog,3459
cat,3460
truck,3461
horse,3462
horse,3463
truck,3464
cat,3465
frog,3466
cat,3467
deer,3468
frog,3469
dog,3470
dog,3471
truck,3472
truck,3473
truck,3474
truck,3475
cat,3476
horse,3477
truck,3478
airplane,3479
frog,3480
airplane,3481
cat,3482
truck,3483
ship,3484
airplane,3485
deer,3486
cat,3487
truck,3488
deer,3489
horse,3490
horse,3491
deer,3492
deer,3493
dog,3494
horse,3495
deer,3496
cat,3497
horse,3498
automobile,3499
truck,3500
deer,3501
airplane,3502
automobile,3503
ship,3504
truck,3505
cat,3506
airplane,3507
dog,3508
deer,3509
dog,3510
truck,3511
frog,3512
deer,3513
ship,3514
ship,3515
horse,3516
truck,3517
ship,3518
automobile,3519
ship,3520
ship,3521
airplane,3522
deer,3523
airplane,3524
truck,3525
frog,3526
frog,3527
truck,3528
airplane,3529
horse,3530
truck,3531
ship,3532
cat,3533
dog,3534
deer,3535
ship,3536
automobile,3537
truck,3538
truck,3539
ship,3540
dog,3541
truck,3542
deer,3543
frog,3544
truck,3545
cat,3546
horse,3547
ship,3548
cat,3549
ship,3550
truck,3551
ship,3552
truck,3553
cat,3554
horse,3555
deer,3556
airplane,3557
airplane,3558
deer,3559
ship,3560
truck,3561
horse,3562
horse,3563
airplane,3564
truck,3565
deer,3566
truck,3567
deer,3568
automobile,3569
dog,3570
truck,3571
frog,3572
deer,3573
cat,3574
dog,3575
cat,3576
truck,3577
frog,3578
dog,3579
airplane,3580
ship,3581
automobile,3582
dog,3583
automobile,3584
deer,3585
truck,3586
horse,3587
cat,3588
truck,3589
cat,3590
dog,3591
truck,3592
dog,3593
automobile,3594
frog,3595
truck,3596
ship,3597
airplane,3598
deer,3599
ship,3600
airplane,3601
automobile,3602
truck,3603
deer,3604
deer,3605
deer,3606
automobile,3607
bird,3608
truck,3609
ship,3610
deer,3611
deer,3612
automobile,3613
ship,3614
deer,3615
frog,3616
ship,3617
truck,3618
airplane,3619
deer,3620
automobile,3621
truck,3622
automobile,3623
dog,3624
truck,3625
deer,3626
horse,3627
dog,3628
horse,3629
deer,3630
truck,3631
dog,3632
ship,3633
truck,3634
automobile,3635
horse,3636
dog,3637
dog,3638
truck,3639
airplane,3640
deer,3641
airplane,3642
frog,3643
truck,3644
automobile,3645
ship,3646
deer,3647
deer,3648
cat,3649
automobile,3650
truck,3651
frog,3652
cat,3653
cat,3654
dog,3655
cat,3656
frog,3657
deer,3658
airplane,3659
deer,3660
horse,3661
deer,3662
truck,3663
truck,3664
deer,3665
dog,3666
dog,3667
deer,3668
cat,3669
automobile,3670
horse,3671
truck,3672
airplane,3673
dog,3674
frog,3675
cat,3676
cat,3677
airplane,3678
frog,3679
frog,3680
automobile,3681
deer,3682
deer,3683
automobile,3684
automobile,3685
deer,3686
deer,3687
deer,3688
deer,3689
automobile,3690
frog,3691
frog,3692
automobile,3693
truck,3694
horse,3695
deer,3696
cat,3697
horse,3698
truck,3699
horse,3700
horse,3701
dog,3702
ship,3703
cat,3704
horse,3705
dog,3706
frog,3707
dog,3708
ship,3709
automobile,3710
truck,3711
cat,3712
horse,3713
airplane,3714
deer,3715
frog,3716
deer,3717
ship,3718
truck,3719
ship,3720
truck,3721
truck,3722
truck,3723
airplane,3724
truck,3725
dog,3726
deer,3727
horse,3728
truck,3729
deer,3730
cat,3731
dog,3732
ship,3733
horse,3734
dog,3735
automobile,3736
truck,3737
automobile,3738
horse,3739
deer,3740
deer,3741
automobile,3742
airplane,3743
deer,3744
deer,3745
truck,3746
truck,3747
ship,3748
ship,3749
airplane,3750
truck,3751
airplane,3752
ship,3753
horse,3754
automobile,3755
dog,3756
ship,3757
dog,3758
automobile,3759
frog,3760
automobile,3761
horse,3762
truck,3763
dog,3764
ship,3765
ship,3766
airplane,3767
ship,3768
horse,3769
deer,3770
dog,3771
ship,3772
truck,3773
truck,3774
deer,3775
horse,3776
truck,3777
cat,3778
cat,3779
frog,3780
ship,3781
automobile,3782
deer,3783
frog,3784
dog,3785
truck,3786
deer,3787
frog,3788
truck,3789
dog,3790
automobile,3791
frog,3792
automobile,3793
deer,3794
horse,3795
deer,3796
ship,3797
automobile,3798
automobile,3799
truck,3800
deer,3801
dog,3802
truck,3803
deer,3804
dog,3805
airplane,3806
frog,3807
horse,3808
automobile,3809
truck,3810
frog,3811
airplane,3812
ship,3813
deer,3814
dog,3815
deer,3816
deer,3817
ship,3818
automobile,3819
automobile,3820
cat,3821
automobile,3822
dog,3823
airplane,3824
frog,3825
airplane,3826
truck,3827
ship,3828
deer,3829
ship,3830
ship,3831
frog,3832
frog,3833
truck,3834
dog,3835
deer,3836
deer,3837
dog,3838
horse,3839
horse,3840
dog,3841
frog,3842
cat,3843
deer,3844
airplane,3845
frog,3846
horse,3847
truck,3848
truck,3849
cat,3850
automobile,3851
ship,3852
cat,3853
ship,3854
horse,3855
airplane,3856
truck,3857
dog,3858
bird,3859
horse,3860
horse,3861
ship,3862
deer,3863
horse,3864
truck,3865
dog,3866
ship,3867
ship,3868
cat,3869
dog,3870
horse,3871
automobile,3872
dog,3873
cat,3874
automobile,3875
horse,3876
cat,3877
bird,3878
automobile,3879
ship,3880
automobile,3881
dog,3882
ship,3883
automobile,3884
dog,3885
frog,3886
ship,3887
ship,3888
truck,3889
truck,3890
frog,3891
truck,3892
ship,3893
horse,3894
automobile,3895
horse,3896
automobile,3897
dog,3898
horse,3899
dog,3900
dog,3901
frog,3902
airplane,3903
frog,3904
frog,3905
horse,3906
dog,3907
horse,3908
frog,3909
ship,3910
deer,3911
deer,3912
deer,3913
truck,3914
truck,3915
cat,3916
dog,3917
cat,3918
airplane,3919
truck,3920
horse,3921
ship,3922
frog,3923
airplane,3924
truck,3925
deer,3926
ship,3927
bird,3928
truck,3929
ship,3930
cat,3931
deer,3932
dog,3933
frog,3934
horse,3935
truck,3936
bird,3937
ship,3938
deer,3939
frog,3940
deer,3941
truck,3942
horse,3943
horse,3944
ship,3945
cat,3946
dog,3947
airplane,3948
frog,3949
ship,3950
truck,3951
horse,3952
airplane,3953
cat,3954
cat,3955
truck,3956
airplane,3957
cat,3958
horse,3959
automobile,3960
dog,3961
deer,3962
dog,3963
automobile,3964
ship,3965
airplane,3966
cat,3967
automobile,3968
ship,3969
truck,3970
truck,3971
deer,3972
airplane,3973
deer,3974
deer,3975
frog,3976
truck,3977
airplane,3978
dog,3979
truck,3980
frog,3981
deer,3982
truck,3983
frog,3984
automobile,3985
horse,3986
horse,3987
deer,3988
cat,3989
automobile,3990
automobile,3991
airplane,3992
truck,3993
truck,3994
automobile,3995
truck,3996
truck,3997
deer,3998
airplane,3999
automobile,4000
dog,4001
ship,4002
deer,4003
truck,4004
deer,4005
frog,4006
automobile,4007
deer,4008
horse,4009
frog,4010
frog,4011
deer,4012
horse,4013
deer,4014
truck,4015
frog,4016
horse,4017
dog,4018
horse,4019
truck,4020
bird,4021
cat,4022
airplane,4023
cat,4024
horse,4025
frog,4026
deer,4027
frog,4028
horse,4029
airplane,4030
cat,4031
cat,4032
ship,4033
horse,4034
horse,4035
cat,4036
ship,4037
cat,4038
airplane,4039
truck,4040
cat,4041
frog,4042
horse,4043
deer,4044
automobile,4045
frog,4046
horse,4047
automobile,4048
truck,4049
truck,4050
horse,4051
deer,4052
dog,4053
frog,4054
horse,4055
truck,4056
deer,4057
truck,4058
horse,4059
truck,4060
deer,4061
ship,4062
deer,4063
ship,4064
ship,4065
truck,4066
ship,4067
horse,4068
automobile,4069
ship,4070
automobile,4071
automobile,4072
truck,4073
airplane,4074
cat,4075
frog,4076
cat,4077
truck,4078
bird,4079
truck,4080
automobile,4081
truck,4082
truck,4083
deer,4084
cat,4085
ship,4086
ship,4087
airplane,4088
deer,4089
cat,4090
automobile,4091
ship,4092
ship,4093
frog,4094
bird,4095
dog,4096
bird,4097
deer,4098
truck,4099
horse,4100
horse,4101
ship,4102
dog,4103
cat,4104
deer,4105
ship,4106
ship,4107
ship,4108
truck,4109
frog,4110
frog,4111
ship,4112
deer,4113
deer,4114
ship,4115
automobile,4116
dog,4117
deer,4118
truck,4119
airplane,4120
cat,4121
frog,4122
frog,4123
ship,4124
frog,4125
ship,4126
ship,4127
cat,4128
dog,4129
dog,4130
truck,4131
truck,4132
deer,4133
deer,4134
deer,4135
bird,4136
dog,4137
dog,4138
dog,4139
horse,4140
airplane,4141
dog,4142
dog,4143
horse,4144
bird,4145
deer,4146
deer,4147
horse,4148
truck,4149
automobile,4150
ship,4151
cat,4152
ship,4153
horse,4154
horse,4155
dog,4156
airplane,4157
deer,4158
automobile,4159
bird,4160
deer,4161
ship,4162
dog,4163
ship,4164
dog,4165
horse,4166
frog,4167
horse,4168
ship,4169
truck,4170
ship,4171
horse,4172
dog,4173
deer,4174
frog,4175
ship,4176
deer,4177
automobile,4178
automobile,4179
cat,4180
airplane,4181
horse,4182
deer,4183
ship,4184
airplane,4185
truck,4186
airplane,4187
truck,4188
horse,4189
automobile,4190
horse,4191
frog,4192
horse,4193
horse,4194
horse,4195
cat,4196
frog,4197
automobile,4198
ship,4199
horse,4200
horse,4201
airplane,4202
bird,4203
truck,4204
truck,4205
frog,4206
automobile,4207
truck,4208
truck,4209
ship,4210
automobile,4211
ship,4212
truck,4213
cat,4214
dog,4215
truck,4216
truck,4217
automobile,4218
horse,4219
cat,4220
cat,4221
automobile,4222
frog,4223
airplane,4224
dog,4225
cat,4226
deer,4227
deer,4228
frog,4229
truck,4230
frog,4231
bird,4232
bird,4233
deer,4234
horse,4235
cat,4236
dog,4237
dog,4238
cat,4239
truck,4240
truck,4241
cat,4242
bird,4243
frog,4244
frog,4245
truck,4246
automobile,4247
ship,4248
cat,4249
automobile,4250
deer,4251
truck,4252
deer,4253
ship,4254
truck,4255
ship,4256
cat,4257
ship,4258
truck,4259
deer,4260
cat,4261
frog,4262
cat,4263
frog,4264
truck,4265
ship,4266
truck,4267
truck,4268
cat,4269
horse,4270
truck,4271
horse,4272
ship,4273
dog,4274
truck,4275
automobile,4276
cat,4277
ship,4278
automobile,4279
horse,4280
airplane,4281
airplane,4282
frog,4283
frog,4284
cat,4285
airplane,4286
truck,4287
bird,4288
automobile,4289
dog,4290
truck,4291
ship,4292
bird,4293
airplane,4294
truck,4295
ship,4296
ship,4297
automobile,4298
airplane,4299
truck,4300
truck,4301
deer,4302
automobile,4303
cat,4304
automobile,4305
truck,4306
ship,4307
ship,4308
ship,4309
truck,4310
truck,4311
truck,4312
truck,4313
ship,4314
dog,4315
airplane,4316
dog,4317
dog,4318
ship,4319
ship,4320
deer,4321
automobile,4322
truck,4323
frog,4324
airplane,4325
frog,4326
horse,4327
airplane,4328
frog,4329
cat,4330
ship,4331
deer,4332
horse,4333
deer,4334
ship,4335
frog,4336
truck,4337
deer,4338
bird,4339
automobile,4340
ship,4341
cat,4342
horse,4343
truck,4344
dog,4345
frog,4346
truck,4347
dog,4348
dog,4349
horse,4350
horse,4351
ship,4352
ship,4353
truck,4354
cat,4355
frog,4356
automobile,4357
truck,4358
airplane,4359
cat,4360
dog,4361
airplane,4362
deer,4363
truck,4364
horse,4365
frog,4366
cat,4367
frog,4368
automobile,4369
truck,4370
truck,4371
truck,4372
truck,4373
deer,4374
ship,4375
automobile,4376
truck,4377
deer,4378
horse,4379
dog,4380
horse,4381
truck,4382
horse,4383
automobile,4384
truck,4385
deer,4386
truck,4387
frog,4388
deer,4389
frog,4390
deer,4391
deer,4392
cat,4393
cat,4394
deer,4395
ship,4396
deer,4397
ship,4398
dog,4399
truck,4400
truck,4401
truck,4402
deer,4403
frog,4404
bird,4405
cat,4406
cat,4407
frog,4408
dog,4409
ship,4410
bird,4411
airplane,4412
truck,4413
automobile,4414
ship,4415
truck,4416
dog,4417
ship,4418
dog,4419
automobile,4420
cat,4421
truck,4422
dog,4423
cat,4424
dog,4425
cat,4426
dog,4427
dog,4428
ship,4429
horse,4430
dog,4431
dog,4432
truck,4433
airplane,4434
cat,4435
cat,4436
truck,4437
automobile,4438
ship,4439
ship,4440
deer,4441
truck,4442
truck,4443
truck,4444
deer,4445
horse,4446
truck,4447
ship,4448
dog,4449
cat,4450
dog,4451
deer,4452
horse,4453
truck,4454
truck,4455
dog,4456
frog,4457
airplane,4458
cat,4459
dog,4460
airplane,4461
dog,4462
truck,4463
deer,4464
airplane,4465
deer,4466
cat,4467
cat,4468
bird,4469
truck,4470
bird,4471
frog,4472
deer,4473
frog,4474
deer,4475
horse,4476
horse,4477
truck,4478
truck,4479
deer,4480
dog,4481
deer,4482
bird,4483
dog,4484
deer,4485
truck,4486
ship,4487
automobile,4488
truck,4489
dog,4490
truck,4491
horse,4492
deer,4493
dog,4494
frog,4495
cat,4496
dog,4497
airplane,4498
frog,4499
automobile,4500
horse,4501
deer,4502
dog,4503
airplane,4504
airplane,4505
deer,4506
cat,4507
deer,4508
airplane,4509
frog,4510
deer,4511
truck,4512
airplane,4513
truck,4514
deer,4515
automobile,4516
horse,4517
airplane,4518
truck,4519
airplane,4520
automobile,4521
cat,4522
truck,4523
automobile,4524
deer,4525
deer,4526
deer,4527
automobile,4528
automobile,4529
dog,4530
deer,4531
automobile,4532
ship,4533
horse,4534
frog,4535
automobile,4536
dog,4537
frog,4538
dog,4539
truck,4540
dog,4541
horse,4542
frog,4543
dog,4544
cat,4545
horse,4546
deer,4547
deer,4548
dog,4549
truck,4550
airplane,4551
deer,4552
horse,4553
cat,4554
cat,4555
cat,4556
truck,4557
automobile,4558
truck,4559
deer,4560
automobile,4561
frog,4562
airplane,4563
frog,4564
frog,4565
frog,4566
ship,4567
deer,4568
airplane,4569
frog,4570
deer,4571
truck,4572
truck,4573
truck,4574
automobile,4575
frog,4576
airplane,4577
deer,4578
deer,4579
airplane,4580
ship,4581
airplane,4582
truck,4583
horse,4584
deer,4585
automobile,4586
ship,4587
truck,4588
horse,4589
airplane,4590
truck,4591
dog,4592
truck,4593
bird,4594
frog,4595
dog,4596
ship,4597
airplane,4598
deer,4599
cat,4600
automobile,4601
deer,4602
truck,4603
cat,4604
automobile,4605
horse,4606
deer,4607
deer,4608
deer,4609
ship,4610
ship,4611
airplane,4612
horse,4613
ship,4614
ship,4615
deer,4616
cat,4617
cat,4618
ship,4619
airplane,4620
horse,4621
horse,4622
horse,4623
airplane,4624
deer,4625
cat,4626
cat,4627
bird,4628
dog,4629
dog,4630
airplane,4631
deer,4632
deer,4633
truck,4634
dog,4635
deer,4636
truck,4637
horse,4638
truck,4639
deer,4640
automobile,4641
cat,4642
automobile,4643
dog,4644
truck,4645
ship,4646
ship,4647
bird,4648
truck,4649
deer,4650
dog,4651
truck,4652
frog,4653
automobile,4654
cat,4655
automobile,4656
dog,4657
frog,4658
cat,4659
dog,4660
deer,4661
horse,4662
truck,4663
automobile,4664
truck,4665
dog,4666
deer,4667
horse,4668
horse,4669
dog,4670
cat,4671
frog,4672
deer,4673
automobile,4674
deer,4675
automobile,4676
truck,4677
horse,4678
automobile,4679
deer,4680
cat,4681
frog,4682
deer,4683
cat,4684
automobile,4685
cat,4686
airplane,4687
ship,4688
ship,4689
deer,4690
cat,4691
frog,4692
frog,4693
frog,4694
deer,4695
horse,4696
horse,4697
deer,4698
ship,4699
cat,4700
frog,4701
ship,4702
frog,4703
dog,4704
truck,4705
ship,4706
truck,4707
truck,4708
automobile,4709
airplane,4710
deer,4711
automobile,4712
frog,4713
dog,4714
frog,4715
deer,4716
ship,4717
frog,4718
truck,4719
cat,4720
horse,4721
frog,4722
bird,4723
deer,4724
deer,4725
deer,4726
dog,4727
frog,4728
cat,4729
automobile,4730
deer,4731
dog,4732
dog,4733
cat,4734
frog,4735
truck,4736
dog,4737
dog,4738
automobile,4739
deer,4740
cat,4741
automobile,4742
cat,4743
truck,4744
truck,4745
automobile,4746
frog,4747
airplane,4748
horse,4749
frog,4750
dog,4751
ship,4752
truck,4753
ship,4754
dog,4755
automobile,4756
ship,4757
truck,4758
truck,4759
cat,4760
horse,4761
ship,4762
horse,4763
frog,4764
truck,4765
ship,4766
frog,4767
airplane,4768
deer,4769
airplane,4770
truck,4771
frog,4772
deer,4773
dog,4774
frog,4775
automobile,4776
automobile,4777
automobile,4778
horse,4779
cat,4780
airplane,4781
deer,4782
truck,4783
airplane,4784
deer,4785
bird,4786
truck,4787
dog,4788
horse,4789
cat,4790
automobile,4791
airplane,4792
horse,4793
airplane,4794
truck,4795
horse,4796
ship,4797
deer,4798
horse,4799
horse,4800
airplane,4801
frog,4802
dog,4803
truck,4804
cat,4805
frog,4806
truck,4807
truck,4808
deer,4809
horse,4810
dog,4811
automobile,4812
truck,4813
ship,4814
dog,4815
automobile,4816
horse,4817
horse,4818
frog,4819
dog,4820
horse,4821
deer,4822
dog,4823
ship,4824
truck,4825
truck,4826
truck,4827
automobile,4828
truck,4829
airplane,4830
deer,4831
automobile,4832
truck,4833
truck,4834
horse,4835
frog,4836
automobile,4837
bird,4838
truck,4839
horse,4840
deer,4841
truck,4842
horse,4843
deer,4844
truck,4845
cat,4846
truck,4847
horse,4848
frog,4849
deer,4850
deer,4851
ship,4852
truck,4853
cat,4854
ship,4855
truck,4856
cat,4857
dog,4858
truck,4859
ship,4860
dog,4861
deer,4862
bird,4863
truck,4864
truck,4865
deer,4866
deer,4867
airplane,4868
dog,4869
deer,4870
ship,4871
horse,4872
deer,4873
ship,4874
bird,4875
dog,4876
truck,4877
airplane,4878
cat,4879
ship,4880
dog,4881
deer,4882
ship,4883
frog,4884
cat,4885
dog,4886
cat,4887
dog,4888
truck,4889
ship,4890
automobile,4891
deer,4892
deer,4893
deer,4894
horse,4895
airplane,4896
truck,4897
ship,4898
ship,4899
cat,4900
truck,4901
frog,4902
automobile,4903
cat,4904
ship,4905
deer,4906
cat,4907
frog,4908
dog,4909
ship,4910
frog,4911
ship,4912
airplane,4913
truck,4914
dog,4915
ship,4916
dog,4917
ship,4918
dog,4919
dog,4920
airplane,4921
deer,4922
deer,4923
horse,4924
horse,4925
dog,4926
deer,4927
cat,4928
deer,4929
automobile,4930
ship,4931
airplane,4932
deer,4933
truck,4934
deer,4935
deer,4936
bird,4937
horse,4938
truck,4939
frog,4940
automobile,4941
truck,4942
cat,4943
cat,4944
truck,4945
cat,4946
horse,4947
automobile,4948
frog,4949
horse,4950
ship,4951
truck,4952
ship,4953
deer,4954
frog,4955
ship,4956
truck,4957
dog,4958
frog,4959
horse,4960
dog,4961
deer,4962
frog,4963
ship,4964
bird,4965
automobile,4966
ship,4967
deer,4968
frog,4969
frog,4970
automobile,4971
deer,4972
truck,4973
truck,4974
cat,4975
truck,4976
ship,4977
truck,4978
truck,4979
dog,4980
horse,4981
airplane,4982
dog,4983
ship,4984
ship,4985
cat,4986
dog,4987
truck,4988
frog,4989
frog,4990
dog,4991
cat,4992
horse,4993
ship,4994
truck,4995
frog,4996
truck,4997
dog,4998
dog,4999
