id,label
0,horse
1,automobile
2,deer
3,automobile
4,airplane
5,bird
6,bird
7,dog
8,truck
9,frog
10,airplane
11,automobile
12,cat
13,automobile
14,automobile
15,bird
16,truck
17,ship
18,dog
19,frog
20,truck
21,bird
22,deer
23,bird
24,ship
25,ship
26,cat
27,horse
28,automobile
29,horse
30,automobile
31,horse
32,frog
33,truck
34,horse
35,airplane
36,dog
37,ship
38,deer
39,frog
40,automobile
41,bird
42,deer
43,dog
44,truck
45,ship
46,deer
47,automobile
48,truck
49,deer
50,frog
51,cat
52,truck
53,cat
54,horse
55,truck
56,truck
57,dog
58,cat
59,truck
60,bird
61,horse
62,ship
63,truck
64,airplane
65,horse
66,cat
67,horse
68,automobile
69,horse
70,automobile
71,deer
72,frog
73,ship
74,bird
75,cat
76,cat
77,automobile
78,frog
79,bird
80,cat
81,airplane
82,dog
83,dog
84,automobile
85,truck
86,cat
87,dog
88,airplane
89,airplane
90,truck
91,frog
92,deer
93,truck
94,ship
95,ship
96,ship
97,automobile
98,horse
99,automobile
100,bird
101,truck
102,dog
103,horse
104,ship
105,truck
106,airplane
107,truck
108,dog
109,automobile
110,bird
111,cat
112,deer
113,airplane
114,deer
115,ship
116,truck
117,cat
118,automobile
119,dog
120,bird
121,deer
122,deer
123,airplane
124,deer
125,dog
126,truck
127,horse
128,cat
129,dog
130,horse
131,bird
132,airplane
133,deer
134,dog
135,frog
136,deer
137,bird
138,airplane
139,deer
140,frog
141,frog
142,frog
143,airplane
144,bird
145,truck
146,airplane
147,horse
148,ship
149,automobile
150,horse
151,deer
152,cat
153,cat
154,truck
155,frog
156,airplane
157,dog
158,cat
159,truck
160,cat
161,ship
162,ship
163,bird
164,frog
165,frog
166,airplane
167,truck
168,ship
169,frog
170,deer
171,horse
172,horse
173,truck
174,truck
175,cat
176,bird
177,truck
178,dog
179,dog
180,dog
181,dog
182,airplane
183,horse
184,dog
185,ship
186,airplane
187,automobile
188,airplane
189,frog
190,airplane
191,horse
192,cat
193,horse
194,truck
195,automobile
196,deer
197,automobile
198,truck
199,cat
200,deer
201,automobile
202,automobile
203,bird
204,horse
205,frog
206,cat
207,dog
208,frog
209,dog
210,automobile
211,cat
212,automobile
213,bird
214,automobile
215,dog
216,dog
217,cat
218,bird
219,dog
220,frog
221,deer
222,dog
223,frog
224,bird
225,bird
226,deer
227,frog
228,automobile
229,bird
230,cat
231,automobile
232,airplane
233,automobile
234,ship
235,truck
236,bird
237,dog
238,bird
239,dog
240,ship
241,truck
242,airplane
243,airplane
244,bird
245,dog
246,automobile
247,frog
248,frog
249,cat
250,dog
251,frog
252,deer
253,frog
254,ship
255,deer
256,horse
257,dog
258,automobile
259,cat
260,deer
261,truck
262,ship
263,deer
264,airplane
265,horse
266,frog
267,frog
268,automobile
269,dog
270,airplane
271,dog
272,deer
273,dog
274,automobile
275,cat
276,automobile
277,frog
278,horse
279,deer
280,frog
281,horse
282,cat
283,automobile
284,truck
285,horse
286,deer
287,truck
288,truck
289,automobile
290,dog
291,automobile
292,horse
293,frog
294,horse
295,frog
296,automobile
297,automobile
298,frog
299,deer
300,frog
301,airplane
302,truck
303,bird
304,airplane
305,bird
306,bird
307,truck
308,automobile
309,ship
310,cat
311,horse
312,cat
313,horse
314,airplane
315,deer
316,truck
317,automobile
318,automobile
319,cat
320,bird
321,dog
322,automobile
323,dog
324,automobile
325,ship
326,dog
327,truck
328,bird
329,automobile
330,dog
331,dog
332,automobile
333,airplane
334,frog
335,bird
336,horse
337,horse
338,ship
339,airplane
340,deer
341,bird
342,bird
343,horse
344,airplane
345,dog
346,bird
347,airplane
348,airplane
349,airplane
350,frog
351,bird
352,dog
353,horse
354,ship
355,frog
356,truck
357,airplane
358,airplane
359,bird
360,ship
361,frog
362,cat
363,truck
364,bird
365,horse
366,frog
367,bird
368,dog
369,bird
370,automobile
371,automobile
372,ship
373,airplane
374,dog
375,ship
376,horse
377,automobile
378,truck
379,dog
380,dog
381,deer
382,ship
383,frog
384,airplane
385,cat
386,ship
387,airplane
388,truck
389,cat
390,airplane
391,airplane
392,frog
393,airplane
394,horse
395,dog
396,deer
397,airplane
398,ship
399,automobile
400,horse
401,truck
402,automobile
403,automobile
404,bird
405,truck
406,automobile
407,horse
408,bird
409,horse
410,deer
411,deer
412,airplane
413,airplane
414,cat
415,dog
416,horse
417,dog
418,truck
419,airplane
420,frog
421,dog
422,cat
423,airplane
424,bird
425,automobile
426,truck
427,automobile
428,bird
429,frog
430,frog
431,automobile
432,horse
433,cat
434,automobile
435,truck
436,dog
437,bird
438,airplane
439,cat
440,cat
441,deer
442,airplane
443,frog
444,ship
445,airplane
446,ship
447,ship
448,deer
449,horse
450,cat
451,bird
452,frog
453,frog
454,cat
455,automobile
456,cat
457,airplane
458,airplane
459,horse
460,bird
461,ship
462,ship
463,truck
464,truck
465,truck
466,truck
467,cat
468,truck
469,truck
470,automobile
471,cat
472,truck
473,dog
474,frog
475,automobile
476,horse
477,horse
478,ship
479,dog
480,bird
481,cat
482,dog
483,truck
484,airplane
485,automobile
486,ship
487,truck
488,automobile
489,deer
490,horse
491,horse
492,cat
493,dog
494,bird
495,truck
496,bird
497,truck
498,truck
499,dog
500,automobile
501,dog
502,dog
503,cat
504,bird
505,horse
506,deer
507,truck
508,dog
509,airplane
510,airplane
511,dog
512,airplane
513,airplane
514,frog
515,deer
516,airplane
517,deer
518,frog
519,dog
520,truck
521,bird
522,bird
523,horse
524,frog
525,airplane
526,frog
527,horse
528,truck
529,bird
530,horse
531,dog
532,bird
533,frog
534,bird
535,automobile
536,ship
537,ship
538,truck
539,truck
540,horse
541,deer
542,dog
543,frog
544,bird
545,dog
546,airplane
547,truck
548,automobile
549,horse
550,bird
551,ship
552,frog
553,bird
554,cat
555,deer
556,airplane
557,frog
558,bird
559,airplane
560,truck
561,horse
562,truck
563,horse
564,airplane
565,automobile
566,airplane
567,automobile
568,cat
569,truck
570,bird
571,deer
572,horse
573,truck
574,automobile
575,frog
576,horse
577,automobile
578,ship
579,dog
580,automobile
581,cat
582,frog
583,dog
584,automobile
585,frog
586,horse
587,cat
588,dog
589,horse
590,cat
591,bird
592,frog
593,truck
594,airplane
595,deer
596,horse
597,frog
598,deer
599,automobile
600,automobile
601,airplane
602,automobile
603,deer
604,airplane
605,bird
606,ship
607,frog
608,ship
609,horse
610,horse
611,bird
612,truck
613,automobile
614,truck
615,truck
616,bird
617,truck
618,deer
619,ship
620,ship
621,airplane
622,frog
623,deer
624,deer
625,dog
626,ship
627,dog
628,automobile
629,dog
630,horse
631,cat
632,bird
633,dog
634,frog
635,ship
636,dog
637,frog
638,frog
639,bird
640,truck
641,frog
642,automobile
643,horse
644,deer
645,deer
646,cat
647,bird
648,ship
649,ship
650,ship
651,ship
652,airplane
653,dog
654,cat
655,automobile
656,airplane
657,horse
658,truck
659,ship
660,airplane
661,dog
662,dog
663,bird
664,dog
665,horse
666,airplane
667,deer
668,deer
669,horse
670,frog
671,truck
672,ship
673,truck
674,bird
675,truck
676,cat
677,automobile
678,dog
679,airplane
680,ship
681,bird
682,horse
683,deer
684,deer
685,truck
686,frog
687,automobile
688,deer
689,deer
690,frog
691,cat
692,bird
693,frog
694,deer
695,bird
696,truck
697,ship
698,dog
699,horse
700,cat
701,deer
702,deer
703,deer
704,automobile
705,dog
706,ship
707,truck
708,horse
709,dog
710,bird
711,cat
712,deer
713,deer
714,automobile
715,automobile
716,airplane
717,ship
718,ship
719,cat
720,frog
721,bird
722,deer
723,deer
724,deer
725,horse
726,deer
727,ship
728,dog
729,horse
730,frog
731,dog
732,truck
733,ship
734,truck
735,truck
736,automobile
737,airplane
738,bird
739,frog
740,cat
741,frog
742,dog
743,ship
744,deer
745,deer
746,horse
747,horse
748,frog
749,frog
750,frog
751,frog
752,dog
753,frog
754,cat
755,truck
756,deer
757,bird
758,dog
759,frog
760,truck
761,bird
762,cat
763,airplane
764,deer
765,cat
766,truck
767,deer
768,automobile
769,automobile
770,frog
771,ship
772,dog
773,frog
774,frog
775,ship
776,truck
777,ship
778,frog
779,ship
780,automobile
781,truck
782,deer
783,ship
784,ship
785,horse
786,deer
787,automobile
788,ship
789,airplane
790,dog
791,airplane
792,truck
793,frog
794,frog
795,bird
796,frog
797,truck
798,truck
799,frog
800,airplane
801,bird
802,truck
803,airplane
804,deer
805,bird
806,frog
807,ship
808,horse
809,ship
810,automobile
811,frog
812,deer
813,truck
814,dog
815,ship
816,frog
817,horse
818,bird
819,dog
820,deer
821,truck
822,bird
823,frog
824,automobile
825,truck
826,frog
827,airplane
828,dog
829,truck
830,ship
831,dog
832,truck
833,horse
834,automobile
835,bird
836,frog
837,deer
838,bird
839,ship
840,truck
841,automobile
842,truck
843,horse
844,truck
845,airplane
846,deer
847,bird
848,truck
849,deer
850,deer
851,horse
852,bird
853,ship
854,deer
855,bird
856,automobile
857,frog
858,deer
859,automobile
860,cat
861,horse
862,frog
863,frog
864,bird
865,truck
866,automobile
867,frog
868,ship
869,deer
870,dog
871,truck
872,ship
873,deer
874,horse
875,bird
876,automobile
877,automobile
878,frog
879,airplane
880,horse
881,deer
882,bird
883,horse
884,dog
885,dog
886,bird
887,dog
888,horse
889,frog
890,ship
891,cat
892,airplane
893,cat
894,deer
895,frog
896,cat
897,horse
898,ship
899,automobile
900,frog
901,deer
902,dog
903,dog
904,airplane
905,automobile
906,bird
907,ship
908,cat
909,frog
910,automobile
911,cat
912,ship
913,dog
914,cat
915,cat
916,bird
917,ship
918,frog
919,airplane
920,truck
921,cat
922,truck
923,automobile
924,ship
925,frog
926,bird
927,airplane
928,bird
929,horse
930,horse
931,cat
932,horse
933,cat
934,horse
935,horse
936,ship
937,ship
938,bird
939,deer
940,frog
941,horse
942,dog
943,truck
944,frog
945,horse
946,automobile
947,cat
948,dog
949,cat
950,horse
951,bird
952,cat
953,horse
954,ship
955,truck
956,airplane
957,deer
958,frog
959,truck
960,dog
961,truck
962,horse
963,dog
964,frog
965,deer
966,ship
967,bird
968,automobile
969,bird
970,cat
971,frog
972,automobile
973,ship
974,ship
975,truck
976,cat
977,automobile
978,frog
979,automobile
980,dog
981,dog
982,airplane
983,dog
984,truck
985,ship
986,dog
987,cat
988,dog
989,deer
990,bird
991,frog
992,dog
993,truck
994,ship
995,horse
996,truck
997,dog
998,cat
999,horse
1000,bird
1001,ship
1002,cat
1003,automobile
1004,truck
1005,bird
1006,dog
1007,cat
1008,ship
1009,frog
1010,dog
1011,horse
1012,ship
1013,dog
1014,bird
1015,airplane
1016,airplane
1017,cat
1018,horse
1019,airplane
1020,ship
1021,bird
1022,dog
1023,cat
1024,truck
1025,bird
1026,automobile
1027,horse
1028,ship
1029,ship
1030,cat
1031,ship
1032,horse
1033,ship
1034,horse
1035,frog
1036,deer
1037,cat
1038,ship
1039,automobile
1040,horse
1041,airplane
1042,bird
1043,frog
1044,ship
1045,frog
1046,airplane
1047,deer
1048,truck
1049,deer
1050,frog
1051,automobile
1052,frog
1053,bird
1054,airplane
1055,horse
1056,dog
1057,deer
1058,cat
1059,cat
1060,ship
1061,deer
1062,ship
1063,dog
1064,horse
1065,cat
1066,frog
1067,horse
1068,airplane
1069,dog
1070,truck
1071,dog
1072,truck
1073,bird
1074,dog
1075,frog
1076,deer
1077,automobile
1078,automobile
1079,truck
1080,cat
1081,deer
1082,bird
1083,cat
1084,dog
1085,truck
1086,airplane
1087,horse
1088,bird
1089,frog
1090,truck
1091,ship
1092,frog
1093,deer
1094,dog
1095,dog
1096,dog
1097,horse
1098,horse
1099,automobile
1100,ship
1101,ship
1102,frog
1103,horse
1104,automobile
1105,frog
1106,bird
1107,automobile
1108,airplane
1109,dog
1110,cat
1111,ship
1112,dog
1113,airplane
1114,ship
1115,bird
1116,airplane
1117,horse
1118,deer
1119,deer
1120,ship
1121,cat
1122,frog
1123,airplane
1124,frog
1125,bird
1126,frog
1127,automobile
1128,ship
1129,horse
1130,cat
1131,truck
1132,deer
1133,deer
1134,frog
1135,automobile
1136,airplane
1137,automobile
1138,ship
1139,ship
1140,automobile
1141,bird
1142,ship
1143,cat
1144,frog
1145,airplane
1146,deer
1147,ship
1148,automobile
1149,cat
1150,deer
1151,ship
1152,ship
1153,deer
1154,horse
1155,cat
1156,frog
1157,dog
1158,horse
1159,truck
1160,dog
1161,horse
1162,automobile
1163,ship
1164,deer
1165,dog
1166,truck
1167,horse
1168,horse
1169,horse
1170,frog
1171,truck
1172,horse
1173,automobile
1174,deer
1175,ship
1176,airplane
1177,automobile
1178,truck
1179,bird
1180,frog
1181,truck
1182,frog
1183,airplane
1184,horse
1185,deer
1186,truck
1187,dog
1188,frog
1189,truck
1190,truck
1191,frog
1192,airplane
1193,frog
1194,automobile
1195,truck
1196,airplane
1197,ship
1198,cat
1199,automobile
1200,automobile
1201,dog
1202,bird
1203,dog
1204,cat
1205,cat
1206,automobile
1207,automobile
1208,frog
1209,dog
1210,ship
1211,horse
1212,ship
1213,automobile
1214,deer
1215,cat
1216,bird
1217,dog
1218,deer
1219,truck
1220,deer
1221,truck
1222,dog
1223,automobile
1224,airplane
1225,truck
1226,cat
1227,truck
1228,horse
1229,frog
1230,cat
1231,cat
1232,bird
1233,truck
1234,horse
1235,bird
1236,bird
1237,automobile
1238,automobile
1239,dog
1240,automobile
1241,deer
1242,bird
1243,truck
1244,bird
1245,bird
1246,dog
1247,cat
1248,ship
1249,ship
1250,deer
1251,dog
1252,frog
1253,deer
1254,bird
1255,deer
1256,frog
1257,frog
1258,deer
1259,automobile
1260,ship
1261,bird
1262,dog
1263,frog
1264,deer
1265,dog
1266,horse
1267,dog
1268,automobile
1269,truck
1270,horse
1271,frog
1272,ship
1273,frog
1274,cat
1275,dog
1276,deer
1277,airplane
1278,truck
1279,automobile
1280,truck
1281,automobile
1282,horse
1283,horse
1284,airplane
1285,cat
1286,dog
1287,airplane
1288,cat
1289,cat
1290,bird
1291,dog
1292,ship
1293,bird
1294,airplane
1295,cat
1296,truck
1297,ship
1298,truck
1299,horse
1300,deer
1301,horse
1302,truck
1303,airplane
1304,automobile
1305,automobile
1306,frog
1307,frog
1308,airplane
1309,airplane
1310,dog
1311,truck
1312,frog
1313,ship
1314,ship
1315,ship
1316,cat
1317,frog
1318,horse
1319,deer
1320,frog
1321,bird
1322,frog
1323,truck
1324,airplane
1325,cat
1326,bird
1327,truck
1328,airplane
1329,cat
1330,automobile
1331,deer
1332,truck
1333,deer
1334,dog
1335,horse
1336,frog
1337,cat
1338,airplane
1339,deer
1340,frog
1341,deer
1342,frog
1343,airplane
1344,frog
1345,truck
1346,truck
1347,dog
1348,horse
1349,cat
1350,horse
1351,automobile
1352,cat
1353,horse
1354,cat
1355,truck
1356,truck
1357,automobile
1358,automobile
1359,automobile
1360,horse
1361,dog
1362,ship
1363,airplane
1364,horse
1365,bird
1366,airplane
1367,airplane
1368,horse
1369,bird
1370,horse
1371,cat
1372,ship
1373,cat
1374,deer
1375,truck
1376,automobile
1377,frog
1378,dog
1379,frog
1380,ship
1381,ship
1382,deer
1383,deer
1384,deer
1385,cat
1386,ship
1387,ship
1388,deer
1389,bird
1390,truck
1391,horse
1392,ship
1393,dog
1394,airplane
1395,ship
1396,truck
1397,horse
1398,deer
1399,horse
1400,horse
1401,automobile
1402,horse
1403,bird
1404,frog
1405,bird
1406,automobile
1407,frog
1408,automobile
1409,airplane
1410,bird
1411,cat
1412,horse
1413,ship
1414,dog
1415,deer
1416,horse
1417,deer
1418,frog
1419,airplane
1420,airplane
1421,automobile
1422,dog
1423,frog
1424,cat
1425,cat
1426,truck
1427,automobile
1428,dog
1429,frog
1430,horse
1431,ship
1432,dog
1433,dog
1434,airplane
1435,ship
1436,dog
1437,cat
1438,automobile
1439,airplane
1440,dog
1441,cat
1442,ship
1443,cat
1444,ship
1445,airplane
1446,deer
1447,frog
1448,automobile
1449,truck
1450,bird
1451,bird
1452,deer
1453,ship
1454,horse
1455,horse
1456,horse
1457,frog
1458,airplane
1459,bird
1460,dog
1461,automobile
1462,airplane
1463,automobile
1464,ship
1465,ship
1466,cat
1467,deer
1468,dog
1469,frog
1470,dog
1471,dog
1472,dog
1473,frog
1474,truck
1475,dog
1476,bird
1477,ship
1478,bird
1479,truck
1480,airplane
1481,bird
1482,cat
1483,horse
1484,horse
1485,airplane
1486,ship
1487,bird
1488,ship
1489,dog
1490,deer
1491,bird
1492,frog
1493,dog
1494,cat
1495,frog
1496,bird
1497,deer
1498,truck
1499,automobile
1500,automobile
1501,bird
1502,deer
1503,dog
1504,ship
1505,ship
1506,airplane
1507,automobile
1508,truck
1509,bird
1510,horse
1511,deer
1512,cat
1513,airplane
1514,automobile
1515,cat
1516,deer
1517,frog
1518,horse
1519,truck
1520,truck
1521,bird
1522,bird
1523,airplane
1524,horse
1525,dog
1526,deer
1527,deer
1528,deer
1529,cat
1530,bird
1531,deer
1532,deer
1533,frog
1534,cat
1535,cat
1536,dog
1537,truck
1538,ship
1539,frog
1540,ship
1541,frog
1542,bird
1543,airplane
1544,ship
1545,frog
1546,cat
1547,automobile
1548,airplane
1549,horse
1550,cat
1551,ship
1552,ship
1553,airplane
1554,bird
1555,dog
1556,horse
1557,horse
1558,bird
1559,truck
1560,bird
1561,cat
1562,horse
1563,bird
1564,frog
1565,dog
1566,deer
1567,bird
1568,deer
1569,ship
1570,cat
1571,cat
1572,deer
1573,deer
1574,truck
1575,bird
1576,airplane
1577,frog
1578,deer
1579,truck
1580,ship
1581,truck
1582,ship
1583,horse
1584,cat
1585,bird
1586,airplane
1587,deer
1588,automobile
1589,bird
1590,cat
1591,deer
1592,airplane
1593,airplane
1594,horse
1595,cat
1596,dog
1597,frog
1598,automobile
1599,truck
1600,dog
1601,horse
1602,frog
1603,airplane
1604,bird
1605,cat
1606,dog
1607,bird
1608,cat
1609,frog
1610,automobile
1611,truck
1612,frog
1613,airplane
1614,ship
1615,ship
1616,dog
1617,ship
1618,deer
1619,airplane
1620,horse
1621,dog
1622,frog
1623,truck
1624,ship
1625,airplane
1626,airplane
1627,frog
1628,dog
1629,truck
1630,deer
1631,airplane
1632,airplane
1633,bird
1634,automobile
1635,cat
1636,ship
1637,airplane
1638,cat
1639,truck
1640,horse
1641,horse
1642,deer
1643,automobile
1644,deer
1645,bird
1646,truck
1647,truck
1648,deer
1649,automobile
1650,dog
1651,truck
1652,cat
1653,frog
1654,truck
1655,airplane
1656,truck
1657,bird
1658,automobile
1659,frog
1660,horse
1661,horse
1662,horse
1663,deer
1664,truck
1665,deer
1666,horse
1667,horse
1668,ship
1669,dog
1670,ship
1671,horse
1672,horse
1673,airplane
1674,automobile
1675,ship
1676,horse
1677,frog
1678,automobile
1679,automobile
1680,airplane
1681,bird
1682,frog
1683,cat
1684,dog
1685,truck
1686,bird
1687,truck
1688,cat
1689,truck
1690,cat
1691,horse
1692,airplane
1693,automobile
1694,horse
1695,frog
1696,truck
1697,horse
1698,truck
1699,ship
1700,dog
1701,truck
1702,bird
1703,deer
1704,ship
1705,automobile
1706,airplane
1707,ship
1708,dog
1709,horse
1710,ship
1711,horse
1712,cat
1713,horse
1714,ship
1715,horse
1716,horse
1717,airplane
1718,automobile
1719,horse
1720,dog
1721,frog
1722,cat
1723,truck
1724,bird
1725,airplane
1726,horse
1727,dog
1728,cat
1729,dog
1730,automobile
1731,truck
1732,truck
1733,bird
1734,dog
1735,automobile
1736,truck
1737,ship
1738,airplane
1739,ship
1740,airplane
1741,automobile
1742,cat
1743,frog
1744,ship
1745,cat
1746,deer
1747,horse
1748,truck
1749,bird
1750,airplane
1751,ship
1752,truck
1753,truck
1754,horse
1755,truck
1756,airplane
1757,dog
1758,ship
1759,bird
1760,frog
1761,ship
1762,dog
1763,airplane
1764,ship
1765,frog
1766,cat
1767,dog
1768,ship
1769,deer
1770,airplane
1771,bird
1772,frog
1773,deer
1774,truck
1775,truck
1776,deer
1777,truck
1778,cat
1779,deer
1780,bird
1781,horse
1782,truck
1783,horse
1784,bird
1785,dog
1786,automobile
1787,airplane
1788,truck
1789,deer
1790,frog
1791,frog
1792,horse
1793,cat
1794,truck
1795,bird
1796,automobile
1797,bird
1798,deer
1799,cat
1800,frog
1801,bird
1802,airplane
1803,deer
1804,frog
1805,cat
1806,horse
1807,airplane
1808,truck
1809,cat
1810,deer
1811,bird
1812,frog
1813,truck
1814,deer
1815,cat
1816,horse
1817,cat
1818,horse
1819,dog
1820,cat
1821,ship
1822,ship
1823,deer
1824,deer
1825,dog
1826,frog
1827,automobile
1828,automobile
1829,airplane
1830,truck
1831,airplane
1832,bird
1833,automobile
1834,deer
1835,frog
1836,dog
1837,bird
1838,bird
1839,airplane
1840,automobile
1841,cat
1842,dog
1843,airplane
1844,ship
1845,deer
1846,frog
1847,dog
1848,truck
1849,deer
1850,frog
1851,deer
1852,truck
1853,dog
1854,ship
1855,dog
1856,bird
1857,horse
1858,automobile
1859,automobile
1860,horse
1861,truck
1862,cat
1863,ship
1864,airplane
1865,truck
1866,truck
1867,horse
1868,frog
1869,cat
1870,bird
1871,automobile
1872,airplane
1873,airplane
1874,airplane
1875,horse
1876,airplane
1877,cat
1878,truck
1879,bird
1880,cat
1881,airplane
1882,cat
1883,horse
1884,deer
1885,frog
1886,cat
1887,bird
1888,ship
1889,airplane
1890,dog
1891,deer
1892,airplane
1893,automobile
1894,cat
1895,bird
1896,horse
1897,airplane
1898,airplane
1899,cat
1900,automobile
1901,cat
1902,airplane
1903,dog
1904,automobile
1905,frog
1906,automobile
1907,airplane
1908,automobile
1909,bird
1910,airplane
1911,dog
1912,deer
1913,frog
1914,automobile
1915,frog
1916,dog
1917,ship
1918,dog
1919,deer
1920,deer
1921,frog
1922,airplane
1923,cat
1924,frog
1925,truck
1926,ship
1927,dog
1928,automobile
1929,dog
1930,truck
1931,bird
1932,frog
1933,bird
1934,airplane
1935,bird
1936,airplane
1937,airplane
1938,ship
1939,dog
1940,cat
1941,horse
1942,deer
1943,airplane
1944,ship
1945,airplane
1946,horse
1947,deer
1948,frog
1949,airplane
1950,cat
1951,frog
1952,frog
1953,automobile
1954,horse
1955,truck
1956,automobile
1957,dog
1958,cat
1959,truck
1960,frog
1961,dog
1962,cat
1963,ship
1964,ship
1965,truck
1966,automobile
1967,bird
1968,deer
1969,airplane
1970,frog
1971,frog
1972,frog
1973,dog
1974,frog
1975,truck
1976,dog
1977,cat
1978,truck
1979,frog
1980,dog
1981,airplane
1982,horse
1983,airplane
1984,dog
1985,cat
1986,automobile
1987,ship
1988,horse
1989,deer
1990,airplane
1991,frog
1992,airplane
1993,automobile
1994,deer
1995,truck
1996,horse
1997,dog
1998,horse
1999,truck
2000,ship
2001,automobile
2002,truck
2003,horse
2004,deer
2005,truck
2006,frog
2007,truck
2008,cat
2009,deer
2010,bird
2011,cat
2012,cat
2013,truck
2014,cat
2015,frog
2016,dog
2017,airplane
2018,dog
2019,ship
2020,truck
2021,ship
2022,airplane
2023,airplane
2024,dog
2025,truck
2026,automobile
2027,deer
2028,dog
2029,cat
2030,automobile
2031,truck
2032,ship
2033,automobile
2034,cat
2035,automobile
2036,automobile
2037,cat
2038,horse
2039,bird
2040,automobile
2041,horse
2042,airplane
2043,dog
2044,dog
2045,frog
2046,horse
2047,frog
2048,airplane
2049,cat
2050,truck
2051,horse
2052,ship
2053,deer
2054,dog
2055,deer
2056,horse
2057,cat
2058,horse
2059,bird
2060,automobile
2061,airplane
2062,cat
2063,automobile
2064,cat
2065,dog
2066,truck
2067,cat
2068,ship
2069,truck
2070,frog
2071,deer
2072,frog
2073,truck
2074,airplane
2075,automobile
2076,automobile
2077,ship
2078,automobile
2079,deer
2080,dog
2081,truck
2082,horse
2083,ship
2084,frog
2085,ship
2086,truck
2087,horse
2088,automobile
2089,airplane
2090,cat
2091,bird
2092,horse
2093,airplane
2094,ship
2095,dog
2096,frog
2097,ship
2098,cat
2099,horse
2100,dog
2101,automobile
2102,airplane
2103,cat
2104,airplane
2105,airplane
2106,airplane
2107,dog
2108,automobile
2109,automobile
2110,ship
2111,dog
2112,frog
2113,automobile
2114,ship
2115,frog
2116,frog
2117,horse
2118,truck
2119,ship
2120,deer
2121,truck
2122,deer
2123,deer
2124,truck
2125,horse
2126,deer
2127,bird
2128,truck
2129,horse
2130,ship
2131,cat
2132,cat
2133,bird
2134,dog
2135,frog
2136,automobile
2137,horse
2138,bird
2139,horse
2140,airplane
2141,deer
2142,dog
2143,airplane
2144,deer
2145,frog
2146,cat
2147,horse
2148,automobile
2149,deer
2150,frog
2151,ship
2152,bird
2153,horse
2154,truck
2155,deer
2156,automobile
2157,frog
2158,dog
2159,truck
2160,dog
2161,frog
2162,automobile
2163,airplane
2164,ship
2165,frog
2166,dog
2167,cat
2168,automobile
2169,dog
2170,cat
2171,bird
2172,deer
2173,dog
2174,truck
2175,truck
2176,airplane
2177,truck
2178,automobile
2179,ship
2180,bird
2181,ship
2182,automobile
2183,dog
2184,dog
2185,horse
2186,ship
2187,truck
2188,deer
2189,horse
2190,automobile
2191,frog
2192,dog
2193,ship
2194,deer
2195,airplane
2196,cat
2197,frog
2198,cat
2199,bird
2200,bird
2201,airplane
2202,automobile
2203,dog
2204,truck
2205,bird
2206,ship
2207,airplane
2208,horse
2209,dog
2210,dog
2211,dog
2212,ship
2213,automobile
2214,ship
2215,airplane
2216,airplane
2217,cat
2218,dog
2219,frog
2220,airplane
2221,cat
2222,frog
2223,dog
2224,bird
2225,cat
2226,automobile
2227,airplane
2228,horse
2229,airplane
2230,bird
2231,deer
2232,frog
2233,horse
2234,dog
2235,cat
2236,ship
2237,automobile
2238,truck
2239,deer
2240,deer
2241,horse
2242,airplane
2243,ship
2244,deer
2245,airplane
2246,horse
2247,truck
2248,bird
2249,truck
2250,frog
2251,ship
2252,dog
2253,airplane
2254,truck
2255,deer
2256,automobile
2257,deer
2258,cat
2259,airplane
2260,bird
2261,cat
2262,truck
2263,horse
2264,automobile
2265,airplane
2266,automobile
2267,airplane
2268,deer
2269,truck
2270,horse
2271,airplane
2272,horse
2273,bird
2274,airplane
2275,horse
2276,deer
2277,automobile
2278,airplane
2279,automobile
2280,automobile
2281,horse
2282,bird
2283,frog
2284,cat
2285,horse
2286,horse
2287,deer
2288,automobile
2289,dog
2290,automobile
2291,ship
2292,dog
2293,deer
2294,bird
2295,deer
2296,truck
2297,frog
2298,airplane
2299,airplane
2300,deer
2301,horse
2302,frog
2303,truck
2304,bird
2305,deer
2306,bird
2307,truck
2308,horse
2309,bird
2310,automobile
2311,deer
2312,deer
2313,cat
2314,automobile
2315,truck
2316,cat
2317,airplane
2318,dog
2319,horse
2320,airplane
2321,horse
2322,horse
2323,horse
2324,airplane
2325,horse
2326,airplane
2327,frog
2328,truck
2329,airplane
2330,cat
2331,frog
2332,automobile
2333,bird
2334,dog
2335,deer
2336,airplane
2337,bird
2338,airplane
2339,airplane
2340,truck
2341,ship
2342,ship
2343,truck
2344,deer
2345,deer
2346,ship
2347,frog
2348,deer
2349,automobile
2350,ship
2351,dog
2352,frog
2353,bird
2354,frog
2355,airplane
2356,horse
2357,dog
2358,dog
2359,dog
2360,bird
2361,cat
2362,automobile
2363,truck
2364,truck
2365,automobile
2366,deer
2367,truck
2368,bird
2369,cat
2370,frog
2371,bird
2372,horse
2373,ship
2374,deer
2375,airplane
2376,ship
2377,automobile
2378,deer
2379,airplane
2380,ship
2381,airplane
2382,horse
2383,deer
2384,deer
2385,deer
2386,dog
2387,deer
2388,dog
2389,ship
2390,automobile
2391,ship
2392,ship
2393,ship
2394,frog
2395,ship
2396,frog
2397,cat
2398,airplane
2399,deer
2400,ship
2401,truck
2402,airplane
2403,deer
2404,airplane
2405,truck
2406,cat
2407,frog
2408,deer
2409,ship
2410,cat
2411,bird
2412,truck
2413,bird
2414,ship
2415,deer
2416,dog
2417,cat
2418,airplane
2419,truck
2420,truck
2421,airplane
2422,dog
2423,automobile
2424,dog
2425,deer
2426,truck
2427,truck
2428,airplane
2429,ship
2430,ship
2431,airplane
2432,dog
2433,ship
2434,frog
2435,truck
2436,deer
2437,truck
2438,deer
2439,dog
2440,dog
2441,deer
2442,deer
2443,frog
2444,airplane
2445,ship
2446,ship
2447,cat
2448,truck
2449,bird
2450,deer
2451,frog
2452,bird
2453,automobile
2454,frog
2455,dog
2456,airplane
2457,automobile
2458,airplane
2459,horse
2460,cat
2461,truck
2462,frog
2463,bird
2464,frog
2465,dog
2466,horse
2467,cat
2468,airplane
2469,automobile
2470,automobile
2471,frog
2472,deer
2473,truck
2474,cat
2475,cat
2476,ship
2477,dog
2478,dog
2479,frog
2480,dog
2481,frog
2482,deer
2483,airplane
2484,frog
2485,dog
2486,truck
2487,deer
2488,deer
2489,cat
2490,cat
2491,airplane
2492,ship
2493,horse
2494,cat
2495,truck
2496,deer
2497,bird
2498,airplane
2499,frog
2500,deer
2501,truck
2502,cat
2503,deer
2504,automobile
2505,dog
2506,cat
2507,dog
2508,bird
2509,bird
2510,bird
2511,truck
2512,truck
2513,horse
2514,deer
2515,truck
2516,horse
2517,cat
2518,cat
2519,automobile
2520,airplane
2521,automobile
2522,horse
2523,cat
2524,dog
2525,cat
2526,cat
2527,ship
2528,dog
2529,automobile
2530,deer
2531,ship
2532,automobile
2533,frog
2534,dog
2535,automobile
2536,frog
2537,airplane
2538,deer
2539,cat
2540,automobile
2541,cat
2542,automobile
2543,ship
2544,dog
2545,frog
2546,frog
2547,frog
2548,bird
2549,automobile
2550,airplane
2551,horse
2552,frog
2553,cat
2554,deer
2555,cat
2556,horse
2557,airplane
2558,horse
2559,horse
2560,airplane
2561,ship
2562,truck
2563,deer
2564,automobile
2565,bird
2566,automobile
2567,frog
2568,automobile
2569,truck
2570,deer
2571,deer
2572,horse
2573,deer
2574,truck
2575,horse
2576,deer
2577,truck
2578,frog
2579,airplane
2580,frog
2581,airplane
2582,automobile
2583,truck
2584,bird
2585,airplane
2586,cat
2587,deer
2588,automobile
2589,bird
2590,dog
2591,horse
2592,truck
2593,horse
2594,bird
2595,deer
2596,ship
2597,ship
2598,horse
2599,automobile
2600,frog
2601,bird
2602,dog
2603,cat
2604,horse
2605,dog
2606,automobile
2607,horse
2608,ship
2609,ship
2610,automobile
2611,deer
2612,ship
2613,deer
2614,truck
2615,ship
2616,airplane
2617,airplane
2618,automobile
2619,truck
2620,dog
2621,dog
2622,deer
2623,ship
2624,deer
2625,dog
2626,deer
2627,frog
2628,airplane
2629,dog
2630,deer
2631,bird
2632,bird
2633,automobile
2634,frog
2635,ship
2636,truck
2637,truck
2638,horse
2639,truck
2640,frog
2641,automobile
2642,automobile
2643,dog
2644,bird
2645,airplane
2646,bird
2647,dog
2648,truck
2649,frog
2650,frog
2651,airplane
2652,ship
2653,frog
2654,truck
2655,ship
2656,truck
2657,horse
2658,ship
2659,cat
2660,truck
2661,dog
2662,dog
2663,horse
2664,deer
2665,horse
2666,cat
2667,dog
2668,dog
2669,ship
2670,automobile
2671,deer
2672,bird
2673,dog
2674,deer
2675,bird
2676,airplane
2677,airplane
2678,airplane
2679,ship
2680,automobile
2681,cat
2682,deer
2683,cat
2684,cat
2685,airplane
2686,truck
2687,automobile
2688,truck
2689,airplane
2690,truck
2691,airplane
2692,truck
2693,airplane
2694,ship
2695,bird
2696,bird
2697,truck
2698,bird
2699,truck
2700,truck
2701,automobile
2702,cat
2703,automobile
2704,automobile
2705,bird
2706,automobile
2707,cat
2708,ship
2709,truck
2710,ship
2711,airplane
2712,deer
2713,ship
2714,cat
2715,truck
2716,deer
2717,cat
2718,bird
2719,bird
2720,dog
2721,dog
2722,cat
2723,bird
2724,cat
2725,bird
2726,truck
2727,bird
2728,frog
2729,horse
2730,bird
2731,horse
2732,dog
2733,ship
2734,frog
2735,deer
2736,frog
2737,cat
2738,deer
2739,dog
2740,airplane
2741,automobile
2742,cat
2743,truck
2744,ship
2745,truck
2746,ship
2747,horse
2748,horse
2749,automobile
2750,dog
2751,truck
2752,frog
2753,horse
2754,airplane
2755,truck
2756,cat
2757,dog
2758,ship
2759,bird
2760,bird
2761,automobile
2762,ship
2763,airplane
2764,frog
2765,truck
2766,airplane
2767,truck
2768,dog
2769,cat
2770,ship
2771,airplane
2772,automobile
2773,dog
2774,automobile
2775,truck
2776,ship
2777,deer
2778,cat
2779,automobile
2780,airplane
2781,dog
2782,ship
2783,dog
2784,ship
2785,truck
2786,dog
2787,truck
2788,bird
2789,airplane
2790,frog
2791,ship
2792,bird
2793,ship
2794,horse
2795,deer
2796,deer
2797,cat
2798,deer
2799,truck
2800,bird
2801,horse
2802,ship
2803,bird
2804,horse
2805,bird
2806,ship
2807,ship
2808,deer
2809,frog
2810,dog
2811,frog
2812,bird
2813,deer
2814,ship
2815,dog
2816,dog
2817,bird
2818,ship
2819,cat
2820,dog
2821,frog
2822,ship
2823,deer
2824,automobile
2825,ship
2826,bird
2827,ship
2828,horse
2829,ship
2830,cat
2831,cat
2832,ship
2833,bird
2834,deer
2835,deer
2836,automobile
2837,deer
2838,cat
2839,automobile
2840,bird
2841,truck
2842,automobile
2843,ship
2844,dog
2845,automobile
2846,bird
2847,dog
2848,frog
2849,horse
2850,bird
2851,frog
2852,airplane
2853,bird
2854,ship
2855,deer
2856,horse
2857,cat
2858,frog
2859,deer
2860,ship
2861,cat
2862,bird
2863,horse
2864,horse
2865,airplane
2866,dog
2867,deer
2868,airplane
2869,deer
2870,deer
2871,ship
2872,bird
2873,frog
2874,bird
2875,truck
2876,automobile
2877,ship
2878,frog
2879,ship
2880,horse
2881,ship
2882,airplane
2883,deer
2884,dog
2885,bird
2886,ship
2887,horse
2888,deer
2889,ship
2890,horse
2891,truck
2892,cat
2893,dog
2894,bird
2895,frog
2896,airplane
2897,frog
2898,horse
2899,horse
2900,truck
2901,dog
2902,cat
2903,automobile
2904,cat
2905,ship
2906,airplane
2907,deer
2908,deer
2909,deer
2910,horse
2911,dog
2912,airplane
2913,dog
2914,frog
2915,airplane
2916,truck
2917,deer
2918,dog
2919,dog
2920,dog
2921,deer
2922,deer
2923,horse
2924,horse
2925,airplane
2926,automobile
2927,truck
2928,deer
2929,dog
2930,automobile
2931,airplane
2932,bird
2933,cat
2934,frog
2935,bird
2936,dog
2937,frog
2938,cat
2939,automobile
2940,bird
2941,horse
2942,dog
2943,airplane
2944,truck
2945,ship
2946,airplane
2947,ship
2948,bird
2949,dog
2950,cat
2951,deer
2952,dog
2953,frog
2954,dog
2955,truck
2956,bird
2957,airplane
2958,horse
2959,truck
2960,ship
2961,frog
2962,dog
2963,bird
2964,dog
2965,frog
2966,airplane
2967,truck
2968,automobile
2969,airplane
2970,deer
2971,ship
2972,deer
2973,dog
2974,bird
2975,frog
2976,frog
2977,bird
2978,ship
2979,frog
2980,automobile
2981,ship
2982,frog
2983,horse
2984,frog
2985,automobile
2986,truck
2987,automobile
2988,dog
2989,automobile
2990,ship
2991,airplane
2992,ship
2993,ship
2994,airplane
2995,cat
2996,horse
2997,dog
2998,cat
2999,ship
3000,dog
3001,airplane
3002,dog
3003,frog
3004,dog
3005,cat
3006,dog
3007,dog
3008,deer
3009,bird
3010,dog
3011,dog
3012,deer
3013,airplane
3014,bird
3015,cat
3016,horse
3017,truck
3018,airplane
3019,dog
3020,horse
3021,automobile
3022,dog
3023,deer
3024,deer
3025,dog
3026,cat
3027,cat
3028,dog
3029,horse
3030,automobile
3031,truck
3032,airplane
3033,truck
3034,automobile
3035,horse
3036,truck
3037,frog
3038,deer
3039,dog
3040,truck
3041,cat
3042,ship
3043,frog
3044,automobile
3045,cat
3046,deer
3047,frog
3048,dog
3049,frog
3050,dog
3051,automobile
3052,ship
3053,automobile
3054,airplane
3055,horse
3056,dog
3057,dog
3058,cat
3059,airplane
3060,horse
3061,truck
3062,cat
3063,cat
3064,bird
3065,frog
3066,horse
3067,frog
3068,deer
3069,ship
3070,airplane
3071,airplane
3072,frog
3073,cat
3074,airplane
3075,automobile
3076,ship
3077,dog
3078,frog
3079,cat
3080,truck
3081,ship
3082,bird
3083,cat
3084,truck
3085,cat
3086,automobile
3087,deer
3088,cat
3089,bird
3090,airplane
3091,horse
3092,bird
3093,truck
3094,airplane
3095,bird
3096,airplane
3097,cat
3098,truck
3099,horse
3100,airplane
3101,bird
3102,bird
3103,frog
3104,horse
3105,truck
3106,truck
3107,ship
3108,airplane
3109,airplane
3110,horse
3111,horse
3112,cat
3113,airplane
3114,cat
3115,automobile
3116,automobile
3117,horse
3118,cat
3119,airplane
3120,ship
3121,truck
3122,automobile
3123,truck
3124,ship
3125,ship
3126,truck
3127,ship
3128,automobile
3129,truck
3130,airplane
3131,bird
3132,cat
3133,ship
3134,cat
3135,dog
3136,airplane
3137,bird
3138,automobile
3139,cat
3140,truck
3141,airplane
3142,frog
3143,deer
3144,dog
3145,airplane
3146,deer
3147,airplane
3148,airplane
3149,bird
3150,truck
3151,truck
3152,truck
3153,horse
3154,dog
3155,dog
3156,frog
3157,cat
3158,airplane
3159,dog
3160,frog
3161,dog
3162,frog
3163,deer
3164,ship
3165,truck
3166,horse
3167,frog
3168,ship
3169,bird
3170,cat
3171,truck
3172,deer
3173,truck
3174,airplane
3175,automobile
3176,frog
3177,horse
3178,truck
3179,airplane
3180,horse
3181,dog
3182,airplane
3183,cat
3184,frog
3185,automobile
3186,cat
3187,airplane
3188,bird
3189,dog
3190,frog
3191,deer
3192,truck
3193,dog
3194,bird
3195,deer
3196,truck
3197,airplane
3198,horse
3199,dog
3200,cat
3201,frog
3202,bird
3203,frog
3204,horse
3205,bird
3206,frog
3207,dog
3208,deer
3209,airplane
3210,truck
3211,deer
3212,airplane
3213,ship
3214,frog
3215,automobile
3216,deer
3217,airplane
3218,frog
3219,dog
3220,airplane
3221,deer
3222,airplane
3223,deer
3224,automobile
3225,ship
3226,airplane
3227,ship
3228,deer
3229,frog
3230,frog
3231,airplane
3232,bird
3233,bird
3234,automobile
3235,deer
3236,horse
3237,horse
3238,truck
3239,airplane
3240,dog
3241,frog
3242,ship
3243,cat
3244,bird
3245,horse
3246,airplane
3247,bird
3248,cat
3249,ship
3250,cat
3251,deer
3252,airplane
3253,ship
3254,ship
3255,dog
3256,horse
3257,airplane
3258,horse
3259,bird
3260,truck
3261,deer
3262,cat
3263,automobile
3264,bird
3265,horse
3266,airplane
3267,frog
3268,truck
3269,automobile
3270,bird
3271,ship
3272,horse
3273,bird
3274,dog
3275,automobile
3276,truck
3277,frog
3278,automobile
3279,truck
3280,airplane
3281,ship
3282,bird
3283,horse
3284,truck
3285,cat
3286,ship
3287,bird
3288,bird
3289,airplane
3290,dog
3291,airplane
3292,dog
3293,automobile
3294,automobile
3295,airplane
3296,cat
3297,ship
3298,cat
3299,ship
3300,bird
3301,dog
3302,dog
3303,horse
3304,horse
3305,deer
3306,dog
3307,horse
3308,truck
3309,deer
3310,automobile
3311,ship
3312,automobile
3313,truck
3314,bird
3315,cat
3316,ship
3317,airplane
3318,horse
3319,dog
3320,ship
3321,bird
3322,automobile
3323,bird
3324,ship
3325,frog
3326,cat
3327,airplane
3328,dog
3329,truck
3330,frog
3331,cat
3332,truck
3333,ship
3334,deer
3335,ship
3336,dog
3337,frog
3338,deer
3339,truck
3340,truck
3341,cat
3342,ship
3343,horse
3344,ship
3345,truck
3346,bird
3347,airplane
3348,bird
3349,horse
3350,bird
3351,deer
3352,frog
3353,truck
3354,bird
3355,horse
3356,dog
3357,horse
3358,automobile
3359,airplane
3360,deer
3361,frog
3362,dog
3363,truck
3364,bird
3365,cat
3366,bird
3367,frog
3368,deer
3369,truck
3370,bird
3371,airplane
3372,ship
3373,frog
3374,ship
3375,automobile
3376,cat
3377,dog
3378,airplane
3379,ship
3380,ship
3381,dog
3382,horse
3383,dog
3384,bird
3385,truck
3386,horse
3387,airplane
3388,cat
3389,airplane
3390,cat
3391,bird
3392,bird
3393,ship
3394,deer
3395,dog
3396,cat
3397,horse
3398,dog
3399,bird
3400,deer
3401,frog
3402,cat
3403,cat
3404,bird
3405,truck
3406,frog
3407,deer
3408,airplane
3409,cat
3410,airplane
3411,bird
3412,dog
3413,deer
3414,bird
3415,airplane
3416,airplane
3417,frog
3418,dog
3419,airplane
3420,horse
3421,dog
3422,deer
3423,horse
3424,truck
3425,deer
3426,cat
3427,bird
3428,airplane
3429,deer
3430,airplane
3431,ship
3432,ship
3433,deer
3434,truck
3435,frog
3436,horse
3437,horse
3438,bird
3439,truck
3440,ship
3441,automobile
3442,truck
3443,dog
3444,dog
3445,ship
3446,frog
3447,deer
3448,frog
3449,truck
3450,truck
3451,truck
3452,cat
3453,dog
3454,dog
3455,truck
3456,horse
3457,ship
3458,airplane
3459,ship
3460,frog
3461,truck
3462,ship
3463,frog
3464,horse
3465,truck
3466,horse
3467,horse
3468,cat
3469,ship
3470,cat
3471,truck
3472,bird
3473,frog
3474,dog
3475,ship
3476,airplane
3477,cat
3478,horse
3479,dog
3480,bird
3481,ship
3482,frog
3483,frog
3484,deer
3485,airplane
3486,horse
3487,horse
3488,horse
3489,airplane
3490,horse
3491,ship
3492,airplane
3493,bird
3494,cat
3495,truck
3496,truck
3497,dog
3498,horse
3499,bird
3500,ship
3501,airplane
3502,deer
3503,truck
3504,bird
3505,ship
3506,cat
3507,cat
3508,airplane
3509,truck
3510,dog
3511,bird
3512,ship
3513,deer
3514,airplane
3515,airplane
3516,airplane
3517,cat
3518,automobile
3519,frog
3520,airplane
3521,frog
3522,bird
3523,horse
3524,frog
3525,frog
3526,horse
3527,horse
3528,deer
3529,deer
3530,bird
3531,frog
3532,frog
3533,dog
3534,ship
3535,dog
3536,cat
3537,dog
3538,deer
3539,automobile
3540,cat
3541,automobile
3542,frog
3543,dog
3544,truck
3545,horse
3546,airplane
3547,bird
3548,horse
3549,bird
3550,automobile
3551,horse
3552,truck
3553,airplane
3554,truck
3555,ship
3556,airplane
3557,airplane
3558,ship
3559,truck
3560,airplane
3561,cat
3562,ship
3563,deer
3564,automobile
3565,frog
3566,dog
3567,horse
3568,truck
3569,truck
3570,truck
3571,dog
3572,cat
3573,dog
3574,automobile
3575,frog
3576,horse
3577,automobile
3578,horse
3579,horse
3580,airplane
3581,horse
3582,frog
3583,ship
3584,truck
3585,cat
3586,horse
3587,airplane
3588,deer
3589,dog
3590,truck
3591,deer
3592,cat
3593,frog
3594,frog
3595,truck
3596,horse
3597,ship
3598,bird
3599,bird
3600,frog
3601,truck
3602,ship
3603,truck
3604,ship
3605,deer
3606,airplane
3607,frog
3608,bird
3609,dog
3610,automobile
3611,bird
3612,automobile
3613,deer
3614,dog
3615,truck
3616,deer
3617,automobile
3618,airplane
3619,frog
3620,cat
3621,deer
3622,truck
3623,truck
3624,dog
3625,dog
3626,truck
3627,frog
3628,truck
3629,dog
3630,deer
3631,automobile
3632,dog
3633,truck
3634,deer
3635,airplane
3636,automobile
3637,deer
3638,bird
3639,automobile
3640,automobile
3641,ship
3642,horse
3643,airplane
3644,automobile
3645,dog
3646,truck
3647,ship
3648,truck
3649,bird
3650,frog
3651,bird
3652,truck
3653,airplane
3654,cat
3655,automobile
3656,ship
3657,cat
3658,frog
3659,frog
3660,dog
3661,cat
3662,truck
3663,bird
3664,frog
3665,frog
3666,dog
3667,automobile
3668,ship
3669,automobile
3670,ship
3671,cat
3672,truck
3673,dog
3674,cat
3675,automobile
3676,bird
3677,airplane
3678,ship
3679,horse
3680,truck
3681,automobile
3682,bird
3683,cat
3684,horse
3685,dog
3686,cat
3687,airplane
3688,horse
3689,bird
3690,ship
3691,ship
3692,bird
3693,dog
3694,frog
3695,horse
3696,truck
3697,horse
3698,ship
3699,horse
3700,ship
3701,bird
3702,airplane
3703,bird
3704,deer
3705,truck
3706,automobile
3707,deer
3708,horse
3709,airplane
3710,frog
3711,dog
3712,horse
3713,truck
3714,horse
3715,dog
3716,horse
3717,airplane
3718,truck
3719,cat
3720,deer
3721,frog
3722,cat
3723,frog
3724,dog
3725,ship
3726,ship
3727,horse
3728,automobile
3729,airplane
3730,bird
3731,deer
3732,horse
3733,bird
3734,truck
3735,bird
3736,deer
3737,airplane
3738,deer
3739,airplane
3740,automobile
3741,ship
3742,cat
3743,truck
3744,ship
3745,truck
3746,automobile
3747,frog
3748,airplane
3749,automobile
3750,dog
3751,truck
3752,ship
3753,frog
3754,dog
3755,ship
3756,ship
3757,ship
3758,automobile
3759,ship
3760,airplane
3761,dog
3762,deer
3763,cat
3764,horse
3765,frog
3766,truck
3767,horse
3768,frog
3769,automobile
3770,frog
3771,frog
3772,cat
3773,horse
3774,ship
3775,dog
3776,bird
3777,airplane
3778,airplane
3779,deer
3780,deer
3781,horse
3782,airplane
3783,bird
3784,cat
3785,dog
3786,dog
3787,deer
3788,airplane
3789,frog
3790,frog
3791,automobile
3792,airplane
3793,ship
3794,ship
3795,frog
3796,cat
3797,dog
3798,cat
3799,automobile
3800,airplane
3801,deer
3802,frog
3803,horse
3804,frog
3805,ship
3806,automobile
3807,frog
3808,cat
3809,truck
3810,truck
3811,horse
3812,cat
3813,deer
3814,bird
3815,horse
3816,automobile
3817,cat
3818,automobile
3819,dog
3820,automobile
3821,ship
3822,horse
3823,horse
3824,deer
3825,deer
3826,horse
3827,truck
3828,dog
3829,dog
3830,dog
3831,bird
3832,dog
3833,bird
3834,cat
3835,bird
3836,ship
3837,horse
3838,ship
3839,automobile
3840,automobile
3841,frog
3842,airplane
3843,dog
3844,airplane
3845,automobile
3846,cat
3847,airplane
3848,horse
3849,dog
3850,airplane
3851,airplane
3852,airplane
3853,horse
3854,frog
3855,frog
3856,airplane
3857,dog
3858,horse
3859,airplane
3860,deer
3861,airplane
3862,deer
3863,automobile
3864,bird
3865,horse
3866,frog
3867,cat
3868,automobile
3869,airplane
3870,bird
3871,ship
3872,ship
3873,bird
3874,ship
3875,deer
3876,deer
3877,ship
3878,deer
3879,airplane
3880,dog
3881,deer
3882,cat
3883,dog
3884,bird
3885,bird
3886,frog
3887,truck
3888,frog
3889,deer
3890,dog
3891,deer
3892,deer
3893,cat
3894,bird
3895,frog
3896,horse
3897,frog
3898,automobile
3899,automobile
3900,dog
3901,automobile
3902,airplane
3903,horse
3904,frog
3905,ship
3906,frog
3907,dog
3908,airplane
3909,frog
3910,dog
3911,ship
3912,deer
3913,frog
3914,cat
3915,automobile
3916,truck
3917,automobile
3918,horse
3919,truck
3920,bird
3921,truck
3922,airplane
3923,dog
3924,airplane
3925,frog
3926,airplane
3927,deer
3928,cat
3929,frog
3930,airplane
3931,frog
3932,frog
3933,cat
3934,automobile
3935,dog
3936,ship
3937,bird
3938,horse
3939,bird
3940,frog
3941,frog
3942,frog
3943,automobile
3944,bird
3945,deer
3946,cat
3947,frog
3948,horse
3949,truck
3950,deer
3951,deer
3952,cat
3953,bird
3954,automobile
3955,deer
3956,frog
3957,dog
3958,airplane
3959,ship
3960,deer
3961,bird
3962,automobile
3963,truck
3964,ship
3965,ship
3966,bird
3967,dog
3968,bird
3969,deer
3970,automobile
3971,airplane
3972,ship
3973,deer
3974,frog
3975,airplane
3976,horse
3977,frog
3978,airplane
3979,airplane
3980,horse
3981,frog
3982,truck
3983,frog
3984,ship
3985,deer
3986,airplane
3987,truck
3988,bird
3989,bird
3990,ship
3991,dog
3992,bird
3993,cat
3994,bird
3995,truck
3996,truck
3997,deer
3998,truck
3999,ship
4000,ship
4001,truck
4002,deer
4003,cat
4004,bird
4005,cat
4006,airplane
4007,ship
4008,dog
4009,cat
4010,horse
4011,deer
4012,truck
4013,bird
4014,deer
4015,cat
4016,deer
4017,dog
4018,airplane
4019,horse
4020,ship
4021,automobile
4022,deer
4023,horse
4024,truck
4025,ship
4026,truck
4027,frog
4028,frog
4029,truck
4030,deer
4031,truck
4032,cat
4033,horse
4034,cat
4035,truck
4036,horse
4037,horse
4038,horse
4039,cat
4040,automobile
4041,frog
4042,ship
4043,ship
4044,deer
4045,automobile
4046,frog
4047,horse
4048,horse
4049,deer
4050,airplane
4051,dog
4052,dog
4053,bird
4054,bird
4055,bird
4056,bird
4057,automobile
4058,horse
4059,frog
4060,automobile
4061,frog
4062,frog
4063,horse
4064,truck
4065,truck
4066,automobile
4067,airplane
4068,airplane
4069,bird
4070,dog
4071,horse
4072,truck
4073,truck
4074,truck
4075,automobile
4076,frog
4077,frog
4078,cat
4079,ship
4080,bird
4081,cat
4082,bird
4083,dog
4084,automobile
4085,automobile
4086,truck
4087,truck
4088,automobile
4089,frog
4090,ship
4091,airplane
4092,airplane
4093,bird
4094,frog
4095,frog
4096,automobile
4097,deer
4098,frog
4099,bird
4100,ship
4101,dog
4102,ship
4103,horse
4104,bird
4105,dog
4106,deer
4107,airplane
4108,ship
4109,horse
4110,frog
4111,dog
4112,truck
4113,dog
4114,cat
4115,ship
4116,horse
4117,cat
4118,dog
4119,frog
4120,cat
4121,automobile
4122,automobile
4123,automobile
4124,truck
4125,truck
4126,horse
4127,ship
4128,airplane
4129,frog
4130,airplane
4131,horse
4132,bird
4133,airplane
4134,ship
4135,bird
4136,horse
4137,automobile
4138,bird
4139,horse
4140,bird
4141,deer
4142,cat
4143,horse
4144,ship
4145,dog
4146,horse
4147,automobile
4148,automobile
4149,bird
4150,automobile
4151,truck
4152,ship
4153,dog
4154,bird
4155,dog
4156,bird
4157,bird
4158,truck
4159,bird
4160,ship
4161,ship
4162,horse
4163,truck
4164,airplane
4165,automobile
4166,ship
4167,ship
4168,airplane
4169,airplane
4170,cat
4171,frog
4172,frog
4173,automobile
4174,airplane
4175,horse
4176,truck
4177,ship
4178,cat
4179,bird
4180,ship
4181,truck
4182,ship
4183,horse
4184,ship
4185,dog
4186,automobile
4187,horse
4188,dog
4189,airplane
4190,cat
4191,ship
4192,frog
4193,airplane
4194,truck
4195,ship
4196,automobile
4197,cat
4198,horse
4199,horse
4200,frog
4201,ship
4202,cat
4203,horse
4204,frog
4205,airplane
4206,truck
4207,deer
4208,truck
4209,frog
4210,frog
4211,truck
4212,automobile
4213,bird
4214,frog
4215,dog
4216,ship
4217,truck
4218,frog
4219,horse
4220,ship
4221,automobile
4222,cat
4223,dog
4224,bird
4225,automobile
4226,horse
4227,cat
4228,truck
4229,horse
4230,automobile
4231,horse
4232,frog
4233,dog
4234,automobile
4235,ship
4236,airplane
4237,deer
4238,airplane
4239,automobile
4240,dog
4241,deer
4242,deer
4243,deer
4244,truck
4245,bird
4246,horse
4247,ship
4248,bird
4249,truck
4250,ship
4251,deer
4252,bird
4253,ship
4254,horse
4255,airplane
4256,frog
4257,ship
4258,ship
4259,dog
4260,truck
4261,frog
4262,horse
4263,bird
4264,horse
4265,frog
4266,truck
4267,dog
4268,ship
4269,truck
4270,horse
4271,dog
4272,horse
4273,cat
4274,bird
4275,bird
4276,airplane
4277,cat
4278,ship
4279,deer
4280,deer
4281,horse
4282,bird
4283,automobile
4284,truck
4285,frog
4286,automobile
4287,truck
4288,dog
4289,frog
4290,bird
4291,ship
4292,deer
4293,ship
4294,frog
4295,truck
4296,frog
4297,bird
4298,bird
4299,cat
4300,dog
4301,cat
4302,truck
4303,airplane
4304,dog
4305,frog
4306,cat
4307,bird
4308,airplane
4309,dog
4310,horse
4311,frog
4312,frog
4313,automobile
4314,automobile
4315,horse
4316,deer
4317,deer
4318,deer
4319,dog
4320,frog
4321,ship
4322,horse
4323,horse
4324,dog
4325,bird
4326,automobile
4327,dog
4328,horse
4329,cat
4330,ship
4331,frog
4332,horse
4333,dog
4334,deer
4335,horse
4336,ship
4337,automobile
4338,truck
4339,airplane
4340,airplane
4341,dog
4342,dog
4343,frog
4344,ship
4345,automobile
4346,airplane
4347,bird
4348,automobile
4349,dog
4350,horse
4351,frog
4352,deer
4353,frog
4354,truck
4355,deer
4356,automobile
4357,bird
4358,ship
4359,airplane
4360,automobile
4361,bird
4362,automobile
4363,horse
4364,frog
4365,deer
4366,cat
4367,horse
4368,deer
4369,truck
4370,truck
4371,ship
4372,ship
4373,ship
4374,ship
4375,ship
4376,automobile
4377,dog
4378,ship
4379,ship
4380,dog
4381,automobile
4382,frog
4383,automobile
4384,frog
4385,truck
4386,cat
4387,airplane
4388,ship
4389,ship
4390,deer
4391,deer
4392,truck
4393,ship
4394,frog
4395,dog
4396,horse
4397,bird
4398,truck
4399,dog
4400,ship
4401,automobile
4402,deer
4403,truck
4404,horse
4405,truck
4406,frog
4407,cat
4408,truck
4409,automobile
4410,airplane
4411,automobile
4412,frog
4413,horse
4414,deer
4415,ship
4416,automobile
4417,truck
4418,bird
4419,cat
4420,airplane
4421,frog
4422,dog
4423,airplane
4424,cat
4425,horse
4426,automobile
4427,airplane
4428,dog
4429,ship
4430,frog
4431,deer
4432,bird
4433,frog
4434,ship
4435,automobile
4436,automobile
4437,cat
4438,automobile
4439,airplane
4440,frog
4441,airplane
4442,truck
4443,frog
4444,frog
4445,ship
4446,ship
4447,dog
4448,cat
4449,bird
4450,deer
4451,horse
4452,dog
4453,truck
4454,horse
4455,dog
4456,horse
4457,bird
4458,deer
4459,frog
4460,truck
4461,truck
4462,frog
4463,cat
4464,frog
4465,ship
4466,frog
4467,cat
4468,cat
4469,automobile
4470,dog
4471,bird
4472,airplane
4473,ship
4474,dog
4475,deer
4476,horse
4477,truck
4478,dog
4479,ship
4480,cat
4481,cat
4482,cat
4483,automobile
4484,cat
4485,cat
4486,automobile
4487,automobile
4488,deer
4489,automobile
4490,airplane
4491,automobile
4492,cat
4493,dog
4494,truck
4495,dog
4496,frog
4497,ship
4498,truck
4499,cat
4500,dog
4501,ship
4502,truck
4503,automobile
4504,deer
4505,automobile
4506,deer
4507,airplane
4508,dog
4509,automobile
4510,airplane
4511,airplane
4512,frog
4513,airplane
4514,deer
4515,bird
4516,frog
4517,airplane
4518,deer
4519,bird
4520,truck
4521,automobile
4522,cat
4523,bird
4524,horse
4525,airplane
4526,airplane
4527,bird
4528,ship
4529,horse
4530,airplane
4531,dog
4532,ship
4533,frog
4534,truck
4535,airplane
4536,ship
4537,frog
4538,bird
4539,automobile
4540,truck
4541,bird
4542,ship
4543,ship
4544,cat
4545,cat
4546,truck
4547,cat
4548,cat
4549,airplane
4550,dog
4551,ship
4552,dog
4553,ship
4554,automobile
4555,horse
4556,airplane
4557,airplane
4558,bird
4559,airplane
4560,bird
4561,automobile
4562,automobile
4563,dog
4564,deer
4565,dog
4566,automobile
4567,ship
4568,ship
4569,automobile
4570,ship
4571,deer
4572,automobile
4573,cat
4574,airplane
4575,frog
4576,cat
4577,cat
4578,horse
4579,dog
4580,truck
4581,bird
4582,cat
4583,truck
4584,frog
4585,automobile
4586,horse
4587,automobile
4588,airplane
4589,automobile
4590,automobile
4591,ship
4592,horse
4593,truck
4594,automobile
4595,deer
4596,truck
4597,deer
4598,deer
4599,ship
4600,cat
4601,truck
4602,cat
4603,bird
4604,automobile
4605,deer
4606,horse
4607,frog
4608,cat
4609,dog
4610,horse
4611,truck
4612,bird
4613,automobile
4614,bird
4615,airplane
4616,automobile
4617,deer
4618,cat
4619,cat
4620,horse
4621,frog
4622,deer
4623,frog
4624,deer
4625,ship
4626,frog
4627,cat
4628,airplane
4629,automobile
4630,horse
4631,ship
4632,cat
4633,airplane
4634,truck
4635,cat
4636,cat
4637,truck
4638,dog
4639,frog
4640,horse
4641,airplane
4642,truck
4643,truck
4644,bird
4645,deer
4646,dog
4647,cat
4648,horse
4649,horse
4650,horse
4651,truck
4652,truck
4653,horse
4654,automobile
4655,deer
4656,ship
4657,ship
4658,automobile
4659,horse
4660,airplane
4661,ship
4662,truck
4663,automobile
4664,automobile
4665,dog
4666,deer
4667,frog
4668,dog
4669,bird
4670,truck
4671,airplane
4672,truck
4673,horse
4674,deer
4675,dog
4676,ship
4677,ship
4678,airplane
4679,ship
4680,cat
4681,ship
4682,dog
4683,bird
4684,airplane
4685,horse
4686,bird
4687,deer
4688,truck
4689,horse
4690,deer
4691,dog
4692,cat
4693,deer
4694,airplane
4695,airplane
4696,ship
4697,ship
4698,frog
4699,deer
4700,bird
4701,deer
4702,automobile
4703,deer
4704,frog
4705,cat
4706,horse
4707,cat
4708,frog
4709,dog
4710,frog
4711,airplane
4712,ship
4713,bird
4714,dog
4715,cat
4716,automobile
4717,deer
4718,deer
4719,deer
4720,horse
4721,bird
4722,dog
4723,horse
4724,dog
4725,bird
4726,cat
4727,deer
4728,horse
4729,cat
4730,bird
4731,horse
4732,truck
4733,automobile
4734,ship
4735,airplane
4736,ship
4737,horse
4738,horse
4739,airplane
4740,deer
4741,cat
4742,cat
4743,cat
4744,ship
4745,deer
4746,ship
4747,frog
4748,automobile
4749,horse
4750,automobile
4751,deer
4752,ship
4753,horse
4754,frog
4755,deer
4756,deer
4757,ship
4758,deer
4759,automobile
4760,horse
4761,airplane
4762,bird
4763,horse
4764,ship
4765,horse
4766,truck
4767,ship
4768,automobile
4769,automobile
4770,cat
4771,frog
4772,horse
4773,cat
4774,horse
4775,cat
4776,frog
4777,automobile
4778,ship
4779,truck
4780,dog
4781,bird
4782,ship
4783,truck
4784,deer
4785,automobile
4786,horse
4787,automobile
4788,ship
4789,ship
4790,cat
4791,cat
4792,dog
4793,truck
4794,horse
4795,automobile
4796,horse
4797,dog
4798,frog
4799,airplane
4800,bird
4801,horse
4802,deer
4803,dog
4804,frog
4805,ship
4806,deer
4807,bird
4808,bird
4809,horse
4810,dog
4811,deer
4812,horse
4813,frog
4814,truck
4815,horse
4816,automobile
4817,dog
4818,frog
4819,frog
4820,automobile
4821,ship
4822,cat
4823,truck
4824,deer
4825,cat
4826,bird
4827,ship
4828,truck
4829,bird
4830,airplane
4831,truck
4832,frog
4833,cat
4834,frog
4835,cat
4836,frog
4837,airplane
4838,ship
4839,cat
4840,dog
4841,deer
4842,truck
4843,horse
4844,truck
4845,dog
4846,horse
4847,automobile
4848,bird
4849,automobile
4850,horse
4851,ship
4852,ship
4853,frog
4854,frog
4855,cat
4856,airplane
4857,ship
4858,bird
4859,dog
4860,truck
4861,ship
4862,frog
4863,airplane
4864,truck
4865,ship
4866,dog
4867,dog
4868,airplane
4869,truck
4870,bird
4871,automobile
4872,cat
4873,automobile
4874,cat
4875,automobile
4876,ship
4877,airplane
4878,truck
4879,truck
4880,truck
4881,airplane
4882,dog
4883,cat
4884,dog
4885,horse
4886,automobile
4887,ship
4888,bird
4889,truck
4890,ship
4891,airplane
4892,frog
4893,horse
4894,automobile
4895,dog
4896,cat
4897,ship
4898,bird
4899,bird
4900,cat
4901,bird
4902,deer
4903,bird
4904,automobile
4905,ship
4906,dog
4907,horse
4908,truck
4909,frog
4910,truck
4911,truck
4912,dog
4913,automobile
4914,bird
4915,ship
4916,ship
4917,truck
4918,cat
4919,automobile
4920,dog
4921,airplane
4922,frog
4923,frog
4924,ship
4925,bird
4926,truck
4927,frog
4928,frog
4929,frog
4930,truck
4931,truck
4932,automobile
4933,automobile
4934,cat
4935,horse
4936,ship
4937,automobile
4938,cat
4939,horse
4940,cat
4941,airplane
4942,truck
4943,horse
4944,dog
4945,truck
4946,deer
4947,bird
4948,frog
4949,frog
4950,deer
4951,deer
4952,frog
4953,cat
4954,deer
4955,ship
4956,bird
4957,airplane
4958,ship
4959,automobile
4960,ship
4961,deer
4962,frog
4963,automobile
4964,dog
4965,dog
4966,frog
4967,cat
4968,ship
4969,dog
4970,cat
4971,truck
4972,bird
4973,truck
4974,deer
4975,dog
4976,ship
4977,automobile
4978,cat
4979,cat
4980,dog
4981,horse
4982,cat
4983,dog
4984,deer
4985,ship
4986,horse
4987,frog
4988,frog
4989,automobile
4990,bird
4991,cat
4992,airplane
4993,automobile
4994,airplane
4995,ship
4996,cat
4997,truck
4998,automobile
4999,automobile
